ref,id,repo,applications,project,category,rule,title,severity,confidence,occurrences,evidence,why,fix,alternative,question,review_verdict,review_note
F-001,eshopmodernizing:DESK-WINFORMS:eshoplegacyntier-src-eshopwinforms-eshopwinforms-csproj,eshopmodernizing,eShopWinForms,eShopLegacyNTier/src/eShopWinForms/eShopWinForms.csproj,wcf-desktop,DESK-WINFORMS,Windows Forms,Blocker,Confirmed,3,eShopLegacyNTier/src/eShopWinForms/Program.cs:7 ; eShopLegacyNTier/src/eShopWinForms/Views/CatalogView.cs:9 ; eShopLegacyNTier/src/eShopWinForms/Views/CatalogView.cs:18,WinForms runs on .NET 10 but only on Windows; it cannot run on Linux.,"Retain on Windows (upgrade to .NET 10 Windows Desktop, or AppStream 2.0/WorkSpaces), or rewrite as a web front end.",.NET 10 WinForms on Windows; web UI rewrite; Avalonia,,,
F-002,eshopmodernizing:DESK-WINFORMS:eshopmodernizedntier-src-eshopwinforms-eshopwinforms-csproj,eshopmodernizing,eShopWinForms,eShopModernizedNTier/src/eShopWinForms/eShopWinForms.csproj,wcf-desktop,DESK-WINFORMS,Windows Forms,Blocker,Confirmed,3,eShopModernizedNTier/src/eShopWinForms/Program.cs:7 ; eShopModernizedNTier/src/eShopWinForms/Views/CatalogView.cs:9 ; eShopModernizedNTier/src/eShopWinForms/Views/CatalogView.cs:18,WinForms runs on .NET 10 but only on Windows; it cannot run on Linux.,"Retain on Windows (upgrade to .NET 10 Windows Desktop, or AppStream 2.0/WorkSpaces), or rewrite as a web front end.",.NET 10 WinForms on Windows; web UI rewrite; Avalonia,,,
F-003,eshopmodernizing:DESK-WPF:eshopmodernizedntier-src-eshopwinforms-eshopwinforms-csproj,eshopmodernizing,eShopWinForms,eShopModernizedNTier/src/eShopWinForms/eShopWinForms.csproj,wcf-desktop,DESK-WPF,WPF,Blocker,Confirmed,1,eShopModernizedNTier/src/eShopWinForms/eShopWinForms.csproj:7,WPF runs on .NET 10 but only on Windows.,Retain on Windows (.NET 10 WPF) or rewrite (web / Avalonia).,.NET 10 WPF on Windows; Avalonia,,,
F-004,eshopmodernizing:WEB-WEBFORMS-UI:eshoplegacywebformssolution-src-eshoplegacywebforms-eshoplegacywebforms-csproj,eshopmodernizing,eShopLegacyWebForms,eShopLegacyWebFormsSolution/src/eShopLegacyWebForms/eShopLegacyWebForms.csproj,web-platform,WEB-WEBFORMS-UI,ASP.NET Web Forms (System.Web.UI),Blocker,Confirmed,134,eShopLegacyWebFormsSolution/src/eShopLegacyWebForms/About.aspx:1 ; eShopLegacyWebFormsSolution/src/eShopLegacyWebForms/About.aspx:3 ; eShopLegacyWebFormsSolution/src/eShopLegacyWebForms/About.aspx.cs:7 ; eShopLegacyWebFormsSolution/src/eShopLegacyWebForms/Contact.aspx:1 ; eShopLegacyWebFormsSolution/src/eShopLegacyWebForms/Contact.aspx:3 ; eShopLegacyWebFormsSolution/src/eShopLegacyWebForms/Contact.aspx.cs:7 ; eShopLegacyWebFormsSolution/src/eShopLegacyWebForms/Default.aspx:1 ; eShopLegacyWebFormsSolution/src/eShopLegacyWebForms/Default.aspx:3 ; eShopLegacyWebFormsSolution/src/eShopLegacyWebForms/Default.aspx:12 ; eShopLegacyWebFormsSolution/src/eShopLegacyWebForms/Default.aspx:46 ; eShopLegacyWebFormsSolution/src/eShopLegacyWebForms/Default.aspx:102 ; eShopLegacyWebFormsSolution/src/eShopLegacyWebForms/Default.aspx:106 ; eShopLegacyWebFormsSolution/src/eShopLegacyWebForms/Default.aspx:110 ; eShopLegacyWebFormsSolution/src/eShopLegacyWebForms/Default.aspx:123 ; eShopLegacyWebFormsSolution/src/eShopLegacyWebForms/Default.aspx:130 ; eShopLegacyWebFormsSolution/src/eShopLegacyWebForms/Default.aspx.cs:11 ; eShopLegacyWebFormsSolution/src/eShopLegacyWebForms/Default.aspx.designer.cs:22 ; eShopLegacyWebFormsSolution/src/eShopLegacyWebForms/Default.aspx.designer.cs:31 ; eShopLegacyWebFormsSolution/src/eShopLegacyWebForms/Default.aspx.designer.cs:40 ; eShopLegacyWebFormsSolution/src/eShopLegacyWebForms/Site.Master:9 ; eShopLegacyWebFormsSolution/src/eShopLegacyWebForms/Site.Master:11 ; eShopLegacyWebFormsSolution/src/eShopLegacyWebForms/Site.Master:21 ; eShopLegacyWebFormsSolution/src/eShopLegacyWebForms/Site.Master:25 ; eShopLegacyWebFormsSolution/src/eShopLegacyWebForms/Site.Master:26 ; eShopLegacyWebFormsSolution/src/eShopLegacyWebForms/Site.Master:27,Web Forms does not exist on ASP.NET Core and has no direct equivalent; the UI layer must be rewritten (Blazor / Razor Pages / MVC / SPA) or the app retained on .NET Framework.,"Choose per app: rewrite UI (AWS Transform can port Web Forms UI to Blazor), or retain on .NET Framework on Windows and move shared libraries to .NET Standard 2.0 (hybrid).",Blazor / Razor Pages; retain + .NET Standard 2.0 shared libraries,,,
F-005,eshopmodernizing:WEB-WEBFORMS-UI:eshopmodernizedwebformssolution-src-eshopmodernizedwebforms-eshopmodernizedwebforms-csproj,eshopmodernizing,eShopModernizedWebForms,eShopModernizedWebFormsSolution/src/eShopModernizedWebForms/eShopModernizedWebForms.csproj,web-platform,WEB-WEBFORMS-UI,ASP.NET Web Forms (System.Web.UI),Blocker,Confirmed,140,eShopModernizedWebFormsSolution/src/eShopModernizedWebForms/Default.aspx:1 ; eShopModernizedWebFormsSolution/src/eShopModernizedWebForms/Default.aspx:3 ; eShopModernizedWebFormsSolution/src/eShopModernizedWebForms/Default.aspx:12 ; eShopModernizedWebFormsSolution/src/eShopModernizedWebForms/Default.aspx:46 ; eShopModernizedWebFormsSolution/src/eShopModernizedWebForms/Default.aspx:102 ; eShopModernizedWebFormsSolution/src/eShopModernizedWebForms/Default.aspx:106 ; eShopModernizedWebFormsSolution/src/eShopModernizedWebForms/Default.aspx:110 ; eShopModernizedWebFormsSolution/src/eShopModernizedWebForms/Default.aspx:123 ; eShopModernizedWebFormsSolution/src/eShopModernizedWebForms/Default.aspx:130 ; eShopModernizedWebFormsSolution/src/eShopModernizedWebForms/Default.aspx.cs:12 ; eShopModernizedWebFormsSolution/src/eShopModernizedWebForms/Default.aspx.designer.cs:22 ; eShopModernizedWebFormsSolution/src/eShopModernizedWebForms/Default.aspx.designer.cs:31 ; eShopModernizedWebFormsSolution/src/eShopModernizedWebForms/Default.aspx.designer.cs:40 ; eShopModernizedWebFormsSolution/src/eShopModernizedWebForms/Site.Master:1 ; eShopModernizedWebFormsSolution/src/eShopModernizedWebForms/Site.Master:9 ; eShopModernizedWebFormsSolution/src/eShopModernizedWebForms/Site.Master:11 ; eShopModernizedWebFormsSolution/src/eShopModernizedWebForms/Site.Master:21 ; eShopModernizedWebFormsSolution/src/eShopModernizedWebForms/Site.Master:25 ; eShopModernizedWebFormsSolution/src/eShopModernizedWebForms/Site.Master:26 ; eShopModernizedWebFormsSolution/src/eShopModernizedWebForms/Site.Master:27 ; eShopModernizedWebFormsSolution/src/eShopModernizedWebForms/Site.Master:28 ; eShopModernizedWebFormsSolution/src/eShopModernizedWebForms/Site.Master:29 ; eShopModernizedWebFormsSolution/src/eShopModernizedWebForms/Site.Master:30 ; eShopModernizedWebFormsSolution/src/eShopModernizedWebForms/Site.Master:31 ; eShopModernizedWebFormsSolution/src/eShopModernizedWebForms/Site.Master:32,Web Forms does not exist on ASP.NET Core and has no direct equivalent; the UI layer must be rewritten (Blazor / Razor Pages / MVC / SPA) or the app retained on .NET Framework.,"Choose per app: rewrite UI (AWS Transform can port Web Forms UI to Blazor), or retain on .NET Framework on Windows and move shared libraries to .NET Standard 2.0 (hybrid).",Blazor / Razor Pages; retain + .NET Standard 2.0 shared libraries,,,
F-006,eshopmodernizing:API-BINARYFORMATTER:eshoplegacymvcsolution-eshoplegacy-utilities-eshoplegacy-utilities-csproj,eshopmodernizing,eShopPorted; eShopLegacyMVC,eShopLegacyMVCSolution/eShopLegacy.Utilities/eShopLegacy.Utilities.csproj,api-portability,API-BINARYFORMATTER,BinaryFormatter and legacy formatters,High,Confirmed,2,eShopLegacyMVCSolution/eShopLegacy.Utilities/Serializing.cs:11 ; eShopLegacyMVCSolution/eShopLegacy.Utilities/Serializing.cs:19,BinaryFormatter always throws from .NET 9 and is a deserialization security risk; persisted binary blobs need a migration path.,Switch to System.Text.Json / DataContractSerializer / MessagePack; convert any persisted data.,System.Text.Json / MessagePack / protobuf-net,"Is BinaryFormatter output persisted (database, files, session, cache) and needed after migration?",confirmed,"Serializing.SerializeBinary is called by the brands download endpoints (eShopPorted FilesController.cs:28, eShopLegacyMVC Controllers/WebApi/FilesController.cs:29), so the HTTP response body is BinaryFormatter output. BinaryFormatter always throws on .NET 9+: the endpoint must switch to JSON and its consumers must be updated (contract change)."
F-007,eshopmodernizing:BUILD-WEB-TARGETS:eshoplegacymvcsolution-src-eshoplegacymvc-eshoplegacymvc-csproj,eshopmodernizing,eShopLegacyMVC,eShopLegacyMVCSolution/src/eShopLegacyMVC/eShopLegacyMVC.csproj,build-delivery,BUILD-WEB-TARGETS,Visual Studio web application build targets,High,Confirmed,2,eShopLegacyMVCSolution/src/eShopLegacyMVC/eShopLegacyMVC.csproj:438 ; eShopLegacyMVCSolution/src/eShopLegacyMVC/eShopLegacyMVC.csproj:439,These MSBuild targets ship with Visual Studio on Windows; the project cannot `dotnet build` on Linux as-is.,Convert to SDK-style (Microsoft.NET.Sdk.Web) during the port.,SDK-style projects,,,
F-008,eshopmodernizing:BUILD-WEB-TARGETS:eshoplegacyntier-src-eshopwcfservice-eshopwcfservice-csproj,eshopmodernizing,eShopWCFService,eShopLegacyNTier/src/eShopWCFService/eShopWCFService.csproj,build-delivery,BUILD-WEB-TARGETS,Visual Studio web application build targets,High,Confirmed,2,eShopLegacyNTier/src/eShopWCFService/eShopWCFService.csproj:113 ; eShopLegacyNTier/src/eShopWCFService/eShopWCFService.csproj:114,These MSBuild targets ship with Visual Studio on Windows; the project cannot `dotnet build` on Linux as-is.,Convert to SDK-style (Microsoft.NET.Sdk.Web) during the port.,SDK-style projects,,,
F-009,eshopmodernizing:BUILD-WEB-TARGETS:eshoplegacywebformssolution-src-eshoplegacywebforms-eshoplegacywebforms-csproj,eshopmodernizing,eShopLegacyWebForms,eShopLegacyWebFormsSolution/src/eShopLegacyWebForms/eShopLegacyWebForms.csproj,build-delivery,BUILD-WEB-TARGETS,Visual Studio web application build targets,High,Confirmed,2,eShopLegacyWebFormsSolution/src/eShopLegacyWebForms/eShopLegacyWebForms.csproj:447 ; eShopLegacyWebFormsSolution/src/eShopLegacyWebForms/eShopLegacyWebForms.csproj:448,These MSBuild targets ship with Visual Studio on Windows; the project cannot `dotnet build` on Linux as-is.,Convert to SDK-style (Microsoft.NET.Sdk.Web) during the port.,SDK-style projects,,,
F-010,eshopmodernizing:BUILD-WEB-TARGETS:eshopmodernizedmvcsolution-src-eshopmodernizedmvc-eshopmodernizedmvc-csproj,eshopmodernizing,eShopModernizedMVC,eShopModernizedMVCSolution/src/eShopModernizedMVC/eShopModernizedMVC.csproj,build-delivery,BUILD-WEB-TARGETS,Visual Studio web application build targets,High,Confirmed,2,eShopModernizedMVCSolution/src/eShopModernizedMVC/eShopModernizedMVC.csproj:683 ; eShopModernizedMVCSolution/src/eShopModernizedMVC/eShopModernizedMVC.csproj:684,These MSBuild targets ship with Visual Studio on Windows; the project cannot `dotnet build` on Linux as-is.,Convert to SDK-style (Microsoft.NET.Sdk.Web) during the port.,SDK-style projects,,,
F-011,eshopmodernizing:BUILD-WEB-TARGETS:eshopmodernizedntier-src-eshopwcfservice-eshopwcfservice-csproj,eshopmodernizing,eShopWCFService,eShopModernizedNTier/src/eShopWCFService/eShopWCFService.csproj,build-delivery,BUILD-WEB-TARGETS,Visual Studio web application build targets,High,Confirmed,2,eShopModernizedNTier/src/eShopWCFService/eShopWCFService.csproj:116 ; eShopModernizedNTier/src/eShopWCFService/eShopWCFService.csproj:117,These MSBuild targets ship with Visual Studio on Windows; the project cannot `dotnet build` on Linux as-is.,Convert to SDK-style (Microsoft.NET.Sdk.Web) during the port.,SDK-style projects,,,
F-012,eshopmodernizing:BUILD-WEB-TARGETS:eshopmodernizedwebformssolution-src-eshopmodernizedwebforms-eshopmodernizedwebforms-csproj,eshopmodernizing,eShopModernizedWebForms,eShopModernizedWebFormsSolution/src/eShopModernizedWebForms/eShopModernizedWebForms.csproj,build-delivery,BUILD-WEB-TARGETS,Visual Studio web application build targets,High,Confirmed,2,eShopModernizedWebFormsSolution/src/eShopModernizedWebForms/eShopModernizedWebForms.csproj:723 ; eShopModernizedWebFormsSolution/src/eShopModernizedWebForms/eShopModernizedWebForms.csproj:724,These MSBuild targets ship with Visual Studio on Windows; the project cannot `dotnet build` on Linux as-is.,Convert to SDK-style (Microsoft.NET.Sdk.Web) during the port.,SDK-style projects,,,
F-013,eshopmodernizing:CFG-PLAINTEXT-DB-PASSWORD:eshopmodernizedwebformssolution-src-eshopmodernizedwebforms-eshopmodernizedwebforms-csproj,eshopmodernizing,eShopModernizedWebForms,eShopModernizedWebFormsSolution/src/eShopModernizedWebForms/eShopModernizedWebForms.csproj,configuration-secrets,CFG-PLAINTEXT-DB-PASSWORD,Database password in a connection string,High,Confirmed,1,eShopModernizedWebFormsSolution/src/eShopModernizedWebForms/Web.config:20,Plain-text database credentials in config files are a compliance finding and block credential rotation.,Store credentials in AWS Secrets Manager (RDS integration supports rotation); build the connection string at start-up.,Secrets Manager + RDS rotation,,,
F-014,eshopmodernizing:WEB-WEBFORMS-AJAX:eshoplegacywebformssolution-src-eshoplegacywebforms-eshoplegacywebforms-csproj,eshopmodernizing,eShopLegacyWebForms,eShopLegacyWebFormsSolution/src/eShopLegacyWebForms/eShopLegacyWebForms.csproj,front-end,WEB-WEBFORMS-AJAX,Web Forms AJAX / third-party Web Forms controls,High,Confirmed,1,eShopLegacyWebFormsSolution/src/eShopLegacyWebForms/Site.Master:21,Server-side AJAX controls and vendor Web Forms suites have no ASP.NET Core counterpart.,Rebuild the interaction in the target UI stack; check vendor licences for their Blazor/Core suites.,Blazor components / vendor Core suites,,,
F-015,eshopmodernizing:WEB-WEBFORMS-AJAX:eshopmodernizedwebformssolution-src-eshopmodernizedwebforms-eshopmodernizedwebforms-csproj,eshopmodernizing,eShopModernizedWebForms,eShopModernizedWebFormsSolution/src/eShopModernizedWebForms/eShopModernizedWebForms.csproj,front-end,WEB-WEBFORMS-AJAX,Web Forms AJAX / third-party Web Forms controls,High,Confirmed,1,eShopModernizedWebFormsSolution/src/eShopModernizedWebForms/Site.Master:21,Server-side AJAX controls and vendor Web Forms suites have no ASP.NET Core counterpart.,Rebuild the interaction in the target UI stack; check vendor licences for their Blazor/Core suites.,Blazor components / vendor Core suites,,,
F-016,eshopmodernizing:INV-TFM-SUPPORT:eshoplegacymvcsolution-eshoplegacy-utilities-eshoplegacy-utilities-csproj,eshopmodernizing,eShopPorted; eShopLegacyMVC,eShopLegacyMVCSolution/eShopLegacy.Utilities/eShopLegacy.Utilities.csproj,inventory,INV-TFM-SUPPORT,Target framework .NET Framework 4.0-4.6.1 (out of support),High,Confirmed,1,eShopLegacyMVCSolution/eShopLegacy.Utilities/eShopLegacy.Utilities.csproj:12,v4.6.1: end of support ended (2016 / 2022-04-26). Unsupported runtimes get no security fixes.,"Upgrade to net10.0 (LTS, supported to 2028-11-14).",.NET 10 LTS,,,
F-017,eshopmodernizing:INV-TFM-SUPPORT:eshoplegacymvcsolution-eshopported-eshopported-csproj,eshopmodernizing,eShopPorted,eShopLegacyMVCSolution/eShopPorted/eShopPorted.csproj,inventory,INV-TFM-SUPPORT,Target framework .NET Framework 4.0-4.6.1 (out of support),High,Confirmed,1,eShopLegacyMVCSolution/eShopPorted/eShopPorted.csproj:3,net461: end of support ended (2016 / 2022-04-26). Unsupported runtimes get no security fixes.,"Upgrade to net10.0 (LTS, supported to 2028-11-14).",.NET 10 LTS,,,
F-018,eshopmodernizing:INV-TFM-SUPPORT:eshoplegacyntier-src-eshopwcfservice-eshopwcfservice-csproj,eshopmodernizing,eShopWCFService,eShopLegacyNTier/src/eShopWCFService/eShopWCFService.csproj,inventory,INV-TFM-SUPPORT,Target framework .NET Framework 4.0-4.6.1 (out of support),High,Confirmed,1,eShopLegacyNTier/src/eShopWCFService/eShopWCFService.csproj:15,v4.6.1: end of support ended (2016 / 2022-04-26). Unsupported runtimes get no security fixes.,"Upgrade to net10.0 (LTS, supported to 2028-11-14).",.NET 10 LTS,,,
F-019,eshopmodernizing:INV-TFM-SUPPORT:eshopmodernizedntier-src-eshopwcfservice-eshopwcfservice-csproj,eshopmodernizing,eShopWCFService,eShopModernizedNTier/src/eShopWCFService/eShopWCFService.csproj,inventory,INV-TFM-SUPPORT,Target framework .NET Framework 4.0-4.6.1 (out of support),High,Confirmed,1,eShopModernizedNTier/src/eShopWCFService/eShopWCFService.csproj:15,v4.6.1: end of support ended (2016 / 2022-04-26). Unsupported runtimes get no security fixes.,"Upgrade to net10.0 (LTS, supported to 2028-11-14).",.NET 10 LTS,,,
F-020,eshopmodernizing:WIN-DRAWING:eshoplegacyntier-src-eshopwinforms-eshopwinforms-csproj,eshopmodernizing,eShopWinForms,eShopLegacyNTier/src/eShopWinForms/eShopWinForms.csproj,linux-readiness,WIN-DRAWING,System.Drawing / GDI+ imaging,High,Confirmed,1,eShopLegacyNTier/src/eShopWinForms/Views/CatalogView.cs:58,System.Drawing.Common is Windows-only since .NET 6 (TypeInitializationException / PlatformNotSupportedException on Linux).,Port imaging code to SkiaSharp or ImageSharp; check fonts are installed in the Linux image.,SkiaSharp (MIT) / ImageSharp (Six Labors licence) / Aspose.Drawing (commercial),,,
F-021,eshopmodernizing:WIN-DRAWING:eshopmodernizedmvcsolution-src-eshopmodernizedmvc-eshopmodernizedmvc-csproj,eshopmodernizing,eShopModernizedMVC,eShopModernizedMVCSolution/src/eShopModernizedMVC/eShopModernizedMVC.csproj,linux-readiness,WIN-DRAWING,System.Drawing / GDI+ imaging,High,Confirmed,2,eShopModernizedMVCSolution/src/eShopModernizedMVC/Controllers/PicController.cs:17 ; eShopModernizedMVCSolution/src/eShopModernizedMVC/Controllers/PicController.cs:54,System.Drawing.Common is Windows-only since .NET 6 (TypeInitializationException / PlatformNotSupportedException on Linux).,Port imaging code to SkiaSharp or ImageSharp; check fonts are installed in the Linux image.,SkiaSharp (MIT) / ImageSharp (Six Labors licence) / Aspose.Drawing (commercial),,,
F-022,eshopmodernizing:WIN-DRAWING:eshopmodernizedntier-src-eshopwinforms-eshopwinforms-csproj,eshopmodernizing,eShopWinForms,eShopModernizedNTier/src/eShopWinForms/eShopWinForms.csproj,linux-readiness,WIN-DRAWING,System.Drawing / GDI+ imaging,High,Confirmed,1,eShopModernizedNTier/src/eShopWinForms/Views/CatalogView.cs:58,System.Drawing.Common is Windows-only since .NET 6 (TypeInitializationException / PlatformNotSupportedException on Linux).,Port imaging code to SkiaSharp or ImageSharp; check fonts are installed in the Linux image.,SkiaSharp (MIT) / ImageSharp (Six Labors licence) / Aspose.Drawing (commercial),,,
F-023,eshopmodernizing:WIN-DRAWING:eshopmodernizedwebformssolution-src-eshopmodernizedwebforms-eshopmodernizedwebforms-csproj,eshopmodernizing,eShopModernizedWebForms,eShopModernizedWebFormsSolution/src/eShopModernizedWebForms/eShopModernizedWebForms.csproj,linux-readiness,WIN-DRAWING,System.Drawing / GDI+ imaging,High,Confirmed,2,eShopModernizedWebFormsSolution/src/eShopModernizedWebForms/Catalog/PicUploader.asmx.cs:28 ; eShopModernizedWebFormsSolution/src/eShopModernizedWebForms/Catalog/PicUploader.asmx.cs:69,System.Drawing.Common is Windows-only since .NET 6 (TypeInitializationException / PlatformNotSupportedException on Linux).,Port imaging code to SkiaSharp or ImageSharp; check fonts are installed in the Linux image.,SkiaSharp (MIT) / ImageSharp (Six Labors licence) / Aspose.Drawing (commercial),,,
F-024,eshopmodernizing:INV-TFM-SUPPORT:eshopmodernizedntier-src-eshopwinforms-eshopwinforms-csproj,eshopmodernizing,eShopWinForms,eShopModernizedNTier/src/eShopWinForms/eShopWinForms.csproj,modern-on-windows,INV-TFM-SUPPORT,Target framework .NET Core / .NET 5-7 (out of support),High,Confirmed,1,eShopModernizedNTier/src/eShopWinForms/eShopWinForms.csproj:5,net6.0-windows: end of support ended. Unsupported runtimes get no security fixes.,"Upgrade to net10.0 (LTS, supported to 2028-11-14).",.NET 10 LTS,,,
F-025,eshopmodernizing:PKG-microsoft-aspnet-friendlyurls:repository,eshopmodernizing,eShopLegacyWebForms; eShopModernizedWebForms,(repository),packages,PKG-microsoft-aspnet-friendlyurls,Package Microsoft.AspNet.FriendlyUrls (blocker),High,Confirmed,2,eShopLegacyWebFormsSolution/src/eShopLegacyWebForms/packages.config:19,Web Forms infrastructure.,Replace with: Part of the Web Forms UI rewrite,Part of the Web Forms UI rewrite,,,
F-026,eshopmodernizing:PKG-microsoft-aspnet-scriptmanager-msajax:repository,eshopmodernizing,eShopLegacyWebForms; eShopModernizedWebForms,(repository),packages,PKG-microsoft-aspnet-scriptmanager-msajax,Package Microsoft.AspNet.ScriptManager.MSAjax (blocker),High,Confirmed,2,eShopLegacyWebFormsSolution/src/eShopLegacyWebForms/packages.config:21,Web Forms infrastructure.,Replace with: Part of the Web Forms UI rewrite,Part of the Web Forms UI rewrite,,,
F-027,eshopmodernizing:PKG-microsoft-aspnet-scriptmanager-webforms:repository,eshopmodernizing,eShopLegacyWebForms; eShopModernizedWebForms,(repository),packages,PKG-microsoft-aspnet-scriptmanager-webforms,Package Microsoft.AspNet.ScriptManager.WebForms (blocker),High,Confirmed,2,eShopLegacyWebFormsSolution/src/eShopLegacyWebForms/packages.config:22,Web Forms infrastructure.,Replace with: Part of the Web Forms UI rewrite,Part of the Web Forms UI rewrite,,,
F-028,eshopmodernizing:SEC-VULN-log4net:repository,eshopmodernizing,eShopPorted,(repository),security,SEC-VULN-log4net,Vulnerable package log4net,High,Confirmed,1,eShopLegacyMVCSolution/eShopPorted/eShopPorted.csproj:13,"log4net 2.0.10, 2.0.12: 2.0.10: moderate severity advisory; 2.0.12: moderate severity advisory.",Upgrade to a fixed version during the port.,Current version,,,
F-029,eshopmodernizing:SEC-VULN-microsoft-identitymodel-jsonwebtokens:repository,eshopmodernizing,eShopModernizedMVC,(repository),security,SEC-VULN-microsoft-identitymodel-jsonwebtokens,Vulnerable package Microsoft.IdentityModel.JsonWebTokens,High,Confirmed,1,eShopModernizedMVCSolution/src/eShopModernizedMVC/packages.config:51,Microsoft.IdentityModel.JsonWebTokens 5.6.0: 5.6.0: moderate severity advisory.,Upgrade to a fixed version during the port.,,,,
F-030,eshopmodernizing:SEC-VULN-newtonsoft-json:repository,eshopmodernizing,eShopPorted,(repository),security,SEC-VULN-newtonsoft-json,Vulnerable package Newtonsoft.Json,High,Confirmed,1,eShopLegacyMVCSolution/eShopPorted/eShopPorted.csproj:23,"Newtonsoft.Json 12.0.1, 13.0.2, 6.0.4: 6.0.4: high severity advisory; 12.0.1: high severity advisory.",Upgrade to a fixed version during the port.,Current version,,,
F-031,eshopmodernizing:SEC-VULN-system-identitymodel-tokens-jwt:repository,eshopmodernizing,eShopModernizedMVC,(repository),security,SEC-VULN-system-identitymodel-tokens-jwt,Vulnerable package System.IdentityModel.Tokens.Jwt,High,Confirmed,1,eShopModernizedMVCSolution/src/eShopModernizedMVC/packages.config:97,System.IdentityModel.Tokens.Jwt 5.6.0: 5.6.0: moderate severity advisory.,Upgrade to a fixed version during the port.,,,,
F-032,eshopmodernizing:IIS-SESSION-STATE:eshoplegacymvcsolution-src-eshoplegacymvc-eshoplegacymvc-csproj,eshopmodernizing,eShopLegacyMVC,eShopLegacyMVCSolution/src/eShopLegacyMVC/eShopLegacyMVC.csproj,state-scale,IIS-SESSION-STATE,Session state mode,High,Confirmed,1,eShopLegacyMVCSolution/src/eShopLegacyMVC/Web.config:33,In-process session needs sticky sessions and is lost on restart; StateServer/SQLServer modes are System.Web features.,Use ASP.NET Core distributed session backed by ElastiCache (Redis/Valkey) or DynamoDB; reduce session usage.,ElastiCache (Valkey/Redis) / DynamoDB,,,
F-033,eshopmodernizing:IIS-SESSION-STATE:eshoplegacywebformssolution-src-eshoplegacywebforms-eshoplegacywebforms-csproj,eshopmodernizing,eShopLegacyWebForms,eShopLegacyWebFormsSolution/src/eShopLegacyWebForms/eShopLegacyWebForms.csproj,state-scale,IIS-SESSION-STATE,Session state mode,High,Confirmed,1,eShopLegacyWebFormsSolution/src/eShopLegacyWebForms/Web.config:29,In-process session needs sticky sessions and is lost on restart; StateServer/SQLServer modes are System.Web features.,Use ASP.NET Core distributed session backed by ElastiCache (Redis/Valkey) or DynamoDB; reduce session usage.,ElastiCache (Valkey/Redis) / DynamoDB,,,
F-034,eshopmodernizing:TEST-LOW-COVERAGE:repository,eshopmodernizing,eShopPorted; eShopLegacyMVC,(repository),tests,TEST-LOW-COVERAGE,Little or no automated test coverage (0 test methods for 11.8 KLOC),High,Confirmed,1,eShopLegacyMVCSolution/eShopLegacy.Utilities/eShopLegacy.Utilities.csproj:1,Regression safety for the port depends on manual QA; this is the main cost and risk driver.,"Build a characterisation/regression suite for critical workflows before porting (API + UI smoke tests), and budget QA accordingly.",xUnit/MSTest + Playwright,,,
F-035,eshopmodernizing:WCF-SERVICE:eshoplegacyntier-src-eshopwcfservice-eshopwcfservice-csproj,eshopmodernizing,eShopWCFService,eShopLegacyNTier/src/eShopWCFService/eShopWCFService.csproj,wcf-desktop,WCF-SERVICE,WCF service (server side),High,Confirmed,2,eShopLegacyNTier/src/eShopWCFService/CatalogService.svc:1 ; eShopLegacyNTier/src/eShopWCFService/ICatalogService.cs:12,"WCF server is not part of .NET; CoreWCF supports a subset (BasicHttp, NetTcp, WSHttp and some WS-* features).",Port to CoreWCF when callers need the SOAP/NetTcp contract; otherwise re-expose as REST/gRPC.,CoreWCF / gRPC / ASP.NET Core Web API,"Who consumes these WCF services (internal apps, partners) and which bindings/security modes do they use?",,
F-036,eshopmodernizing:WCF-SERVICE:eshopmodernizedntier-src-eshopwcfservice-eshopwcfservice-csproj,eshopmodernizing,eShopWCFService,eShopModernizedNTier/src/eShopWCFService/eShopWCFService.csproj,wcf-desktop,WCF-SERVICE,WCF service (server side),High,Confirmed,2,eShopModernizedNTier/src/eShopWCFService/CatalogService.svc:1 ; eShopModernizedNTier/src/eShopWCFService/ICatalogService.cs:12,"WCF server is not part of .NET; CoreWCF supports a subset (BasicHttp, NetTcp, WSHttp and some WS-* features).",Port to CoreWCF when callers need the SOAP/NetTcp contract; otherwise re-expose as REST/gRPC.,CoreWCF / gRPC / ASP.NET Core Web API,"Who consumes these WCF services (internal apps, partners) and which bindings/security modes do they use?",,
F-037,eshopmodernizing:WEB-ASMX:eshopmodernizedwebformssolution-src-eshopmodernizedwebforms-eshopmodernizedwebforms-csproj,eshopmodernizing,eShopModernizedWebForms,eShopModernizedWebFormsSolution/src/eShopModernizedWebForms/eShopModernizedWebForms.csproj,wcf-desktop,WEB-ASMX,ASMX web services,High,Confirmed,2,eShopModernizedWebFormsSolution/src/eShopModernizedWebForms/Catalog/PicUploader.asmx:1 ; eShopModernizedWebFormsSolution/src/eShopModernizedWebForms/Catalog/PicUploader.asmx.cs:30,ASMX services are not supported on ASP.NET Core; callers depend on the SOAP contract.,Expose the same contract with CoreWCF (BasicHttpBinding) or move callers to REST.,CoreWCF / Web API,"Which external systems call these SOAP endpoints, and can they change contract?",,
F-038,eshopmodernizing:WEB-HTTPCONTEXT-CURRENT:eshoplegacymvcsolution-src-eshoplegacymvc-eshoplegacymvc-csproj,eshopmodernizing,eShopLegacyMVC,eShopLegacyMVCSolution/src/eShopLegacyMVC/eShopLegacyMVC.csproj,web-platform,WEB-HTTPCONTEXT-CURRENT,HttpContext.Current (ambient request context),High,Confirmed,4,eShopLegacyMVCSolution/src/eShopLegacyMVC/Global.asax.cs:43 ; eShopLegacyMVCSolution/src/eShopLegacyMVC/Global.asax.cs:44 ; eShopLegacyMVCSolution/src/eShopLegacyMVC/Global.asax.cs:112 ; eShopLegacyMVCSolution/src/eShopLegacyMVC/Views/Shared/_Layout.cshtml:35,There is no static HttpContext.Current in ASP.NET Core; code deep in libraries that reaches for it must be re-plumbed.,Inject IHttpContextAccessor or pass values explicitly; System.Web adapters can bridge during migration.,IHttpContextAccessor / SystemWebAdapters,,,
F-039,eshopmodernizing:WEB-HTTPCONTEXT-CURRENT:eshoplegacywebformssolution-src-eshoplegacywebforms-eshoplegacywebforms-csproj,eshopmodernizing,eShopLegacyWebForms,eShopLegacyWebFormsSolution/src/eShopLegacyWebForms/eShopLegacyWebForms.csproj,web-platform,WEB-HTTPCONTEXT-CURRENT,HttpContext.Current (ambient request context),High,Confirmed,4,eShopLegacyWebFormsSolution/src/eShopLegacyWebForms/Global.asax.cs:43 ; eShopLegacyWebFormsSolution/src/eShopLegacyWebForms/Global.asax.cs:44 ; eShopLegacyWebFormsSolution/src/eShopLegacyWebForms/Global.asax.cs:97 ; eShopLegacyWebFormsSolution/src/eShopLegacyWebForms/Site.Master.cs:17,There is no static HttpContext.Current in ASP.NET Core; code deep in libraries that reaches for it must be re-plumbed.,Inject IHttpContextAccessor or pass values explicitly; System.Web adapters can bridge during migration.,IHttpContextAccessor / SystemWebAdapters,,,
F-040,eshopmodernizing:WEB-HTTPCONTEXT-CURRENT:eshopmodernizedmvcsolution-src-eshopmodernizedmvc-eshopmodernizedmvc-csproj,eshopmodernizing,eShopModernizedMVC,eShopModernizedMVCSolution/src/eShopModernizedMVC/eShopModernizedMVC.csproj,web-platform,WEB-HTTPCONTEXT-CURRENT,HttpContext.Current (ambient request context),High,Confirmed,8,eShopModernizedMVCSolution/src/eShopModernizedMVC/Global.asax.cs:42 ; eShopModernizedMVCSolution/src/eShopModernizedMVC/Global.asax.cs:43 ; eShopModernizedMVCSolution/src/eShopModernizedMVC/Global.asax.cs:124 ; eShopModernizedMVCSolution/src/eShopModernizedMVC/Controllers/PicController.cs:30 ; eShopModernizedMVCSolution/src/eShopModernizedMVC/Controllers/PicController.cs:31 ; eShopModernizedMVCSolution/src/eShopModernizedMVC/Services/ImageAzureStorage.cs:52 ; eShopModernizedMVCSolution/src/eShopModernizedMVC/Services/ImageMockStorage.cs:40 ; eShopModernizedMVCSolution/src/eShopModernizedMVC/Views/Shared/_Layout.cshtml:39,There is no static HttpContext.Current in ASP.NET Core; code deep in libraries that reaches for it must be re-plumbed.,Inject IHttpContextAccessor or pass values explicitly; System.Web adapters can bridge during migration.,IHttpContextAccessor / SystemWebAdapters,,,
F-041,eshopmodernizing:WEB-HTTPCONTEXT-CURRENT:eshopmodernizedwebformssolution-src-eshopmodernizedwebforms-eshopmodernizedwebforms-csproj,eshopmodernizing,eShopModernizedWebForms,eShopModernizedWebFormsSolution/src/eShopModernizedWebForms/eShopModernizedWebForms.csproj,web-platform,WEB-HTTPCONTEXT-CURRENT,HttpContext.Current (ambient request context),High,Confirmed,10,eShopModernizedWebFormsSolution/src/eShopModernizedWebForms/Global.asax.cs:47 ; eShopModernizedWebFormsSolution/src/eShopModernizedWebForms/Global.asax.cs:48 ; eShopModernizedWebFormsSolution/src/eShopModernizedWebForms/Global.asax.cs:126 ; eShopModernizedWebFormsSolution/src/eShopModernizedWebForms/Site.Master.cs:21 ; eShopModernizedWebFormsSolution/src/eShopModernizedWebForms/App_Start/RouteConfig.cs:62 ; eShopModernizedWebFormsSolution/src/eShopModernizedWebForms/Catalog/PicUploader.asmx.cs:36 ; eShopModernizedWebFormsSolution/src/eShopModernizedWebForms/Catalog/PicUploader.asmx.cs:40 ; eShopModernizedWebFormsSolution/src/eShopModernizedWebForms/Catalog/PicUploader.asmx.cs:41 ; eShopModernizedWebFormsSolution/src/eShopModernizedWebForms/Services/ImageAzureStorage.cs:52 ; eShopModernizedWebFormsSolution/src/eShopModernizedWebForms/Services/ImageMockStorage.cs:40,There is no static HttpContext.Current in ASP.NET Core; code deep in libraries that reaches for it must be re-plumbed.,Inject IHttpContextAccessor or pass values explicitly; System.Web adapters can bridge during migration.,IHttpContextAccessor / SystemWebAdapters,,,
F-042,eshopmodernizing:WEB-SYSTEMWEB:eshoplegacymvcsolution-eshopported-eshopported-csproj,eshopmodernizing,eShopPorted,eShopLegacyMVCSolution/eShopPorted/eShopPorted.csproj,web-platform,WEB-SYSTEMWEB,System.Web dependency,High,Confirmed,3,eShopLegacyMVCSolution/eShopPorted/Controllers/PicController.cs:5 ; eShopLegacyMVCSolution/eShopPorted/Models/CatalogBrand.cs:4 ; eShopLegacyMVCSolution/eShopPorted/Models/Infrastructure/PreconfiguredData.cs:4,System.Web does not exist on modern .NET; every file using it changes in an ASP.NET Core port.,Port to ASP.NET Core; use Microsoft.AspNetCore.SystemWebAdapters to keep shared libraries compiling during an incremental (strangler fig) migration.,ASP.NET Core + System.Web adapters,,,
F-043,eshopmodernizing:WEB-SYSTEMWEB:eshoplegacymvcsolution-src-eshoplegacymvc-eshoplegacymvc-csproj,eshopmodernizing,eShopLegacyMVC,eShopLegacyMVCSolution/src/eShopLegacyMVC/eShopLegacyMVC.csproj,web-platform,WEB-SYSTEMWEB,System.Web dependency,High,Confirmed,22,eShopLegacyMVCSolution/src/eShopLegacyMVC/Global.asax.cs:13 ; eShopLegacyMVCSolution/src/eShopLegacyMVC/Global.asax.cs:14 ; eShopLegacyMVCSolution/src/eShopLegacyMVC/Global.asax.cs:15 ; eShopLegacyMVCSolution/src/eShopLegacyMVC/Global.asax.cs:16 ; eShopLegacyMVCSolution/src/eShopLegacyMVC/Global.asax.cs:17 ; eShopLegacyMVCSolution/src/eShopLegacyMVC/App_Start/BundleConfig.cs:1 ; eShopLegacyMVCSolution/src/eShopLegacyMVC/App_Start/FilterConfig.cs:1 ; eShopLegacyMVCSolution/src/eShopLegacyMVC/App_Start/FilterConfig.cs:2 ; eShopLegacyMVCSolution/src/eShopLegacyMVC/App_Start/RouteConfig.cs:1 ; eShopLegacyMVCSolution/src/eShopLegacyMVC/App_Start/RouteConfig.cs:2 ; eShopLegacyMVCSolution/src/eShopLegacyMVC/App_Start/WebApiConfig.cs:1 ; eShopLegacyMVCSolution/src/eShopLegacyMVC/Controllers/CatalogController.cs:3 ; eShopLegacyMVCSolution/src/eShopLegacyMVC/Controllers/PicController.cs:5 ; eShopLegacyMVCSolution/src/eShopLegacyMVC/Controllers/Api/CatalogController.cs:1 ; eShopLegacyMVCSolution/src/eShopLegacyMVC/Controllers/WebApi/BrandsController.cs:8 ; eShopLegacyMVCSolution/src/eShopLegacyMVC/Controllers/WebApi/FilesController.cs:7 ; eShopLegacyMVCSolution/src/eShopLegacyMVC/Models/CatalogBrand.cs:4 ; eShopLegacyMVCSolution/src/eShopLegacyMVC/Models/CatalogItemHiLoGenerator.cs:5 ; eShopLegacyMVCSolution/src/eShopLegacyMVC/Models/CatalogType.cs:4 ; eShopLegacyMVCSolution/src/eShopLegacyMVC/Models/Infrastructure/CatalogDBInitializer.cs:10 ; eShopLegacyMVCSolution/src/eShopLegacyMVC/Models/Infrastructure/CatalogDBInitializer.cs:11 ; eShopLegacyMVCSolution/src/eShopLegacyMVC/Models/Infrastructure/PreconfiguredData.cs:4,System.Web does not exist on modern .NET; every file using it changes in an ASP.NET Core port.,Port to ASP.NET Core; use Microsoft.AspNetCore.SystemWebAdapters to keep shared libraries compiling during an incremental (strangler fig) migration.,ASP.NET Core + System.Web adapters,,,
F-044,eshopmodernizing:WEB-SYSTEMWEB:eshoplegacyntier-src-eshopwcfservice-eshopwcfservice-csproj,eshopmodernizing,eShopWCFService,eShopLegacyNTier/src/eShopWCFService/eShopWCFService.csproj,web-platform,WEB-SYSTEMWEB,System.Web dependency,High,Confirmed,5,eShopLegacyNTier/src/eShopWCFService/CatalogServiceClient.cs:4 ; eShopLegacyNTier/src/eShopWCFService/Models/DiscountItem.cs:7 ; eShopLegacyNTier/src/eShopWCFService/Models/Infrastructure/CatalogConfiguration.cs:4 ; eShopLegacyNTier/src/eShopWCFService/Models/Infrastructure/CatalogDBInitializer.cs:7 ; eShopLegacyNTier/src/eShopWCFService/Models/Infrastructure/PreconfiguredData.cs:4,System.Web does not exist on modern .NET; every file using it changes in an ASP.NET Core port.,Port to ASP.NET Core; use Microsoft.AspNetCore.SystemWebAdapters to keep shared libraries compiling during an incremental (strangler fig) migration.,ASP.NET Core + System.Web adapters,,,
F-045,eshopmodernizing:WEB-SYSTEMWEB:eshoplegacywebformssolution-src-eshoplegacywebforms-eshoplegacywebforms-csproj,eshopmodernizing,eShopLegacyWebForms,eShopLegacyWebFormsSolution/src/eShopLegacyWebForms/eShopLegacyWebForms.csproj,web-platform,WEB-SYSTEMWEB,System.Web dependency,High,Confirmed,28,eShopLegacyWebFormsSolution/src/eShopLegacyWebForms/About.aspx.cs:3 ; eShopLegacyWebFormsSolution/src/eShopLegacyWebForms/Contact.aspx.cs:3 ; eShopLegacyWebFormsSolution/src/eShopLegacyWebForms/Default.aspx.cs:6 ; eShopLegacyWebFormsSolution/src/eShopLegacyWebForms/Global.asax.cs:11 ; eShopLegacyWebFormsSolution/src/eShopLegacyWebForms/Global.asax.cs:12 ; eShopLegacyWebFormsSolution/src/eShopLegacyWebForms/Global.asax.cs:13 ; eShopLegacyWebFormsSolution/src/eShopLegacyWebForms/Site.Master.cs:4 ; eShopLegacyWebFormsSolution/src/eShopLegacyWebForms/Site.Master.cs:5 ; eShopLegacyWebFormsSolution/src/eShopLegacyWebForms/Site.Master.cs:6 ; eShopLegacyWebFormsSolution/src/eShopLegacyWebForms/Site.Mobile.Master.cs:4 ; eShopLegacyWebFormsSolution/src/eShopLegacyWebForms/Site.Mobile.Master.cs:5 ; eShopLegacyWebFormsSolution/src/eShopLegacyWebForms/Site.Mobile.Master.cs:6 ; eShopLegacyWebFormsSolution/src/eShopLegacyWebForms/ViewSwitcher.ascx.cs:4 ; eShopLegacyWebFormsSolution/src/eShopLegacyWebForms/ViewSwitcher.ascx.cs:5 ; eShopLegacyWebFormsSolution/src/eShopLegacyWebForms/ViewSwitcher.ascx.cs:6 ; eShopLegacyWebFormsSolution/src/eShopLegacyWebForms/ViewSwitcher.ascx.cs:7 ; eShopLegacyWebFormsSolution/src/eShopLegacyWebForms/App_Start/BundleConfig.cs:1 ; eShopLegacyWebFormsSolution/src/eShopLegacyWebForms/App_Start/BundleConfig.cs:2 ; eShopLegacyWebFormsSolution/src/eShopLegacyWebForms/App_Start/RouteConfig.cs:1 ; eShopLegacyWebFormsSolution/src/eShopLegacyWebForms/Catalog/Delete.aspx.cs:5 ; eShopLegacyWebFormsSolution/src/eShopLegacyWebForms/Catalog/Details.aspx.cs:5 ; eShopLegacyWebFormsSolution/src/eShopLegacyWebForms/Catalog/Edit.aspx.cs:6 ; eShopLegacyWebFormsSolution/src/eShopLegacyWebForms/Models/CatalogBrand.cs:4 ; eShopLegacyWebFormsSolution/src/eShopLegacyWebForms/Models/CatalogItemHiLoGenerator.cs:5 ; eShopLegacyWebFormsSolution/src/eShopLegacyWebForms/Models/CatalogType.cs:4,System.Web does not exist on modern .NET; every file using it changes in an ASP.NET Core port.,Port to ASP.NET Core; use Microsoft.AspNetCore.SystemWebAdapters to keep shared libraries compiling during an incremental (strangler fig) migration.,ASP.NET Core + System.Web adapters,,,
F-046,eshopmodernizing:WEB-SYSTEMWEB:eshopmodernizedmvcsolution-src-eshopmodernizedmvc-eshopmodernizedmvc-csproj,eshopmodernizing,eShopModernizedMVC,eShopModernizedMVCSolution/src/eShopModernizedMVC/eShopModernizedMVC.csproj,web-platform,WEB-SYSTEMWEB,System.Web dependency,High,Confirmed,19,eShopModernizedMVCSolution/src/eShopModernizedMVC/Global.asax.cs:12 ; eShopModernizedMVCSolution/src/eShopModernizedMVC/Global.asax.cs:13 ; eShopModernizedMVCSolution/src/eShopModernizedMVC/Global.asax.cs:14 ; eShopModernizedMVCSolution/src/eShopModernizedMVC/Global.asax.cs:15 ; eShopModernizedMVCSolution/src/eShopModernizedMVC/App_Start/BundleConfig.cs:1 ; eShopModernizedMVCSolution/src/eShopModernizedMVC/App_Start/FilterConfig.cs:2 ; eShopModernizedMVCSolution/src/eShopModernizedMVC/App_Start/RouteConfig.cs:4 ; eShopModernizedMVCSolution/src/eShopModernizedMVC/App_Start/RouteConfig.cs:5 ; eShopModernizedMVCSolution/src/eShopModernizedMVC/App_Start/RouteConfig.cs:6 ; eShopModernizedMVCSolution/src/eShopModernizedMVC/Controllers/AccountController.cs:5 ; eShopModernizedMVCSolution/src/eShopModernizedMVC/Controllers/AccountController.cs:6 ; eShopModernizedMVCSolution/src/eShopModernizedMVC/Controllers/CatalogController.cs:3 ; eShopModernizedMVCSolution/src/eShopModernizedMVC/Controllers/PicController.cs:8 ; eShopModernizedMVCSolution/src/eShopModernizedMVC/Controllers/PicController.cs:9 ; eShopModernizedMVCSolution/src/eShopModernizedMVC/Filters/ActionTracerFilter.cs:2 ; eShopModernizedMVCSolution/src/eShopModernizedMVC/Models/Infrastructure/CatalogDBInitializer.cs:9 ; eShopModernizedMVCSolution/src/eShopModernizedMVC/Services/IImageService.cs:3 ; eShopModernizedMVCSolution/src/eShopModernizedMVC/Services/ImageAzureStorage.cs:8 ; eShopModernizedMVCSolution/src/eShopModernizedMVC/Services/ImageMockStorage.cs:1,System.Web does not exist on modern .NET; every file using it changes in an ASP.NET Core port.,Port to ASP.NET Core; use Microsoft.AspNetCore.SystemWebAdapters to keep shared libraries compiling during an incremental (strangler fig) migration.,ASP.NET Core + System.Web adapters,,,
F-047,eshopmodernizing:WEB-SYSTEMWEB:eshopmodernizedntier-src-eshopwcfservice-eshopwcfservice-csproj,eshopmodernizing,eShopWCFService,eShopModernizedNTier/src/eShopWCFService/eShopWCFService.csproj,web-platform,WEB-SYSTEMWEB,System.Web dependency,High,Confirmed,6,eShopModernizedNTier/src/eShopWCFService/CatalogServiceClient.cs:4 ; eShopModernizedNTier/src/eShopWCFService/Models/CatalogItemHiLoGenerator.cs:4 ; eShopModernizedNTier/src/eShopWCFService/Models/DiscountItem.cs:7 ; eShopModernizedNTier/src/eShopWCFService/Models/Infrastructure/CatalogConfiguration.cs:4 ; eShopModernizedNTier/src/eShopWCFService/Models/Infrastructure/CatalogDBInitializer.cs:7 ; eShopModernizedNTier/src/eShopWCFService/Models/Infrastructure/PreconfiguredData.cs:4,System.Web does not exist on modern .NET; every file using it changes in an ASP.NET Core port.,Port to ASP.NET Core; use Microsoft.AspNetCore.SystemWebAdapters to keep shared libraries compiling during an incremental (strangler fig) migration.,ASP.NET Core + System.Web adapters,,,
F-048,eshopmodernizing:WEB-SYSTEMWEB:eshopmodernizedwebformssolution-src-eshopmodernizedwebforms-eshopmodernizedwebforms-csproj,eshopmodernizing,eShopModernizedWebForms,eShopModernizedWebFormsSolution/src/eShopModernizedWebForms/eShopModernizedWebForms.csproj,web-platform,WEB-SYSTEMWEB,System.Web dependency,High,Confirmed,33,eShopModernizedWebFormsSolution/src/eShopModernizedWebForms/Default.aspx.cs:7 ; eShopModernizedWebFormsSolution/src/eShopModernizedWebForms/Global.asax.cs:12 ; eShopModernizedWebFormsSolution/src/eShopModernizedWebForms/Global.asax.cs:13 ; eShopModernizedWebFormsSolution/src/eShopModernizedWebForms/Global.asax.cs:14 ; eShopModernizedWebFormsSolution/src/eShopModernizedWebForms/Site.Master.cs:7 ; eShopModernizedWebFormsSolution/src/eShopModernizedWebForms/Site.Master.cs:8 ; eShopModernizedWebFormsSolution/src/eShopModernizedWebForms/Site.Master.cs:9 ; eShopModernizedWebFormsSolution/src/eShopModernizedWebForms/Site.Mobile.Master.cs:4 ; eShopModernizedWebFormsSolution/src/eShopModernizedWebForms/Site.Mobile.Master.cs:5 ; eShopModernizedWebFormsSolution/src/eShopModernizedWebForms/Site.Mobile.Master.cs:6 ; eShopModernizedWebFormsSolution/src/eShopModernizedWebForms/ViewSwitcher.ascx.cs:4 ; eShopModernizedWebFormsSolution/src/eShopModernizedWebForms/ViewSwitcher.ascx.cs:5 ; eShopModernizedWebFormsSolution/src/eShopModernizedWebForms/ViewSwitcher.ascx.cs:6 ; eShopModernizedWebFormsSolution/src/eShopModernizedWebForms/ViewSwitcher.ascx.cs:7 ; eShopModernizedWebFormsSolution/src/eShopModernizedWebForms/App_Start/BundleConfig.cs:1 ; eShopModernizedWebFormsSolution/src/eShopModernizedWebForms/App_Start/BundleConfig.cs:2 ; eShopModernizedWebFormsSolution/src/eShopModernizedWebForms/App_Start/RouteConfig.cs:2 ; eShopModernizedWebFormsSolution/src/eShopModernizedWebForms/App_Start/RouteConfig.cs:3 ; eShopModernizedWebFormsSolution/src/eShopModernizedWebForms/App_Start/RouteConfig.cs:4 ; eShopModernizedWebFormsSolution/src/eShopModernizedWebForms/Catalog/Create.aspx.cs:9 ; eShopModernizedWebFormsSolution/src/eShopModernizedWebForms/Catalog/Delete.aspx.cs:7 ; eShopModernizedWebFormsSolution/src/eShopModernizedWebForms/Catalog/Delete.aspx.cs:8 ; eShopModernizedWebFormsSolution/src/eShopModernizedWebForms/Catalog/Details.aspx.cs:5 ; eShopModernizedWebFormsSolution/src/eShopModernizedWebForms/Catalog/Edit.aspx.cs:9 ; eShopModernizedWebFormsSolution/src/eShopModernizedWebForms/Catalog/Edit.aspx.cs:10,System.Web does not exist on modern .NET; every file using it changes in an ASP.NET Core port.,Port to ASP.NET Core; use Microsoft.AspNetCore.SystemWebAdapters to keep shared libraries compiling during an incremental (strangler fig) migration.,ASP.NET Core + System.Web adapters,,,
F-049,eshopmodernizing:AUTH-EXTERNAL-IDP:eshopmodernizedmvcsolution-src-eshopmodernizedmvc-eshopmodernizedmvc-csproj,eshopmodernizing,eShopModernizedMVC,eShopModernizedMVCSolution/src/eShopModernizedMVC/eShopModernizedMVC.csproj,auth,AUTH-EXTERNAL-IDP,External identity provider (OpenID Connect / Azure AD / Entra ID),Medium,Confirmed,2,eShopModernizedMVCSolution/src/eShopModernizedMVC/App_Start/Startup.Auth.cs:48 ; eShopModernizedMVCSolution/src/eShopModernizedMVC/App_Start/Startup.Auth.cs:49,"Sign-in is delegated to an external IdP: the OWIN middleware must be replaced, and redirect URIs, client secrets and allowed origins must be registered for the new AWS host names.",Port to ASP.NET Core OpenID Connect (or Microsoft.Identity.Web); register AWS redirect URIs; move client secrets to Secrets Manager.,Microsoft.AspNetCore.Authentication.OpenIdConnect / Microsoft.Identity.Web; Amazon Cognito federation,"Which identity provider tenant/app registrations does each application use, and who can add the new redirect URIs?",,
F-050,eshopmodernizing:AUTH-EXTERNAL-IDP:eshopmodernizedwebformssolution-src-eshopmodernizedwebforms-eshopmodernizedwebforms-csproj,eshopmodernizing,eShopModernizedWebForms,eShopModernizedWebFormsSolution/src/eShopModernizedWebForms/eShopModernizedWebForms.csproj,auth,AUTH-EXTERNAL-IDP,External identity provider (OpenID Connect / Azure AD / Entra ID),Medium,Confirmed,3,eShopModernizedWebFormsSolution/src/eShopModernizedWebForms/App_Start/Startup.Auth.cs:21 ; eShopModernizedWebFormsSolution/src/eShopModernizedWebForms/App_Start/Startup.Auth.cs:31 ; eShopModernizedWebFormsSolution/src/eShopModernizedWebForms/App_Start/Startup.Auth.cs:32,"Sign-in is delegated to an external IdP: the OWIN middleware must be replaced, and redirect URIs, client secrets and allowed origins must be registered for the new AWS host names.",Port to ASP.NET Core OpenID Connect (or Microsoft.Identity.Web); register AWS redirect URIs; move client secrets to Secrets Manager.,Microsoft.AspNetCore.Authentication.OpenIdConnect / Microsoft.Identity.Web; Amazon Cognito federation,"Which identity provider tenant/app registrations does each application use, and who can add the new redirect URIs?",,
F-051,eshopmodernizing:INV-LEGACY-PROJECT:eshoplegacymvcsolution-eshoplegacy-utilities-eshoplegacy-utilities-csproj,eshopmodernizing,eShopPorted; eShopLegacyMVC,eShopLegacyMVCSolution/eShopLegacy.Utilities/eShopLegacy.Utilities.csproj,build-delivery,INV-LEGACY-PROJECT,Legacy (non-SDK) project file,Medium,Confirmed,1,eShopLegacyMVCSolution/eShopLegacy.Utilities/eShopLegacy.Utilities.csproj:1,Old-style project files only build with Visual Studio MSBuild on Windows.,Convert to SDK-style during the port.,SDK-style project,,,
F-052,eshopmodernizing:INV-LEGACY-PROJECT:eshoplegacymvcsolution-src-eshoplegacymvc-eshoplegacymvc-csproj,eshopmodernizing,eShopLegacyMVC,eShopLegacyMVCSolution/src/eShopLegacyMVC/eShopLegacyMVC.csproj,build-delivery,INV-LEGACY-PROJECT,Legacy (non-SDK) project file,Medium,Confirmed,1,eShopLegacyMVCSolution/src/eShopLegacyMVC/eShopLegacyMVC.csproj:1,Old-style project files only build with Visual Studio MSBuild on Windows.,Convert to SDK-style during the port.,SDK-style project,,,
F-053,eshopmodernizing:INV-LEGACY-PROJECT:eshoplegacyntier-src-eshopwcfservice-eshopwcfservice-csproj,eshopmodernizing,eShopWCFService,eShopLegacyNTier/src/eShopWCFService/eShopWCFService.csproj,build-delivery,INV-LEGACY-PROJECT,Legacy (non-SDK) project file,Medium,Confirmed,1,eShopLegacyNTier/src/eShopWCFService/eShopWCFService.csproj:1,Old-style project files only build with Visual Studio MSBuild on Windows.,Convert to SDK-style during the port.,SDK-style project,,,
F-054,eshopmodernizing:INV-LEGACY-PROJECT:eshoplegacyntier-src-eshopwinforms-eshopwinforms-csproj,eshopmodernizing,eShopWinForms,eShopLegacyNTier/src/eShopWinForms/eShopWinForms.csproj,build-delivery,INV-LEGACY-PROJECT,Legacy (non-SDK) project file,Medium,Confirmed,1,eShopLegacyNTier/src/eShopWinForms/eShopWinForms.csproj:1,Old-style project files only build with Visual Studio MSBuild on Windows.,Convert to SDK-style during the port.,SDK-style project,,,
F-055,eshopmodernizing:INV-LEGACY-PROJECT:eshoplegacywebformssolution-src-eshoplegacywebforms-eshoplegacywebforms-csproj,eshopmodernizing,eShopLegacyWebForms,eShopLegacyWebFormsSolution/src/eShopLegacyWebForms/eShopLegacyWebForms.csproj,build-delivery,INV-LEGACY-PROJECT,Legacy (non-SDK) project file,Medium,Confirmed,1,eShopLegacyWebFormsSolution/src/eShopLegacyWebForms/eShopLegacyWebForms.csproj:1,Old-style project files only build with Visual Studio MSBuild on Windows.,Convert to SDK-style during the port.,SDK-style project,,,
F-056,eshopmodernizing:INV-LEGACY-PROJECT:eshopmodernizedmvcsolution-src-eshopmodernizedmvc-eshopmodernizedmvc-csproj,eshopmodernizing,eShopModernizedMVC,eShopModernizedMVCSolution/src/eShopModernizedMVC/eShopModernizedMVC.csproj,build-delivery,INV-LEGACY-PROJECT,Legacy (non-SDK) project file,Medium,Confirmed,1,eShopModernizedMVCSolution/src/eShopModernizedMVC/eShopModernizedMVC.csproj:1,Old-style project files only build with Visual Studio MSBuild on Windows.,Convert to SDK-style during the port.,SDK-style project,,,
F-057,eshopmodernizing:INV-LEGACY-PROJECT:eshopmodernizedntier-src-eshopwcfservice-eshopwcfservice-csproj,eshopmodernizing,eShopWCFService,eShopModernizedNTier/src/eShopWCFService/eShopWCFService.csproj,build-delivery,INV-LEGACY-PROJECT,Legacy (non-SDK) project file,Medium,Confirmed,1,eShopModernizedNTier/src/eShopWCFService/eShopWCFService.csproj:1,Old-style project files only build with Visual Studio MSBuild on Windows.,Convert to SDK-style during the port.,SDK-style project,,,
F-058,eshopmodernizing:INV-LEGACY-PROJECT:eshopmodernizedntier-src-eshopwinforms-eshopwinforms-fx-csproj,eshopmodernizing,eShopWinForms.fx,eShopModernizedNTier/src/eShopWinForms/eShopWinForms.fx.csproj,build-delivery,INV-LEGACY-PROJECT,Legacy (non-SDK) project file,Medium,Confirmed,1,eShopModernizedNTier/src/eShopWinForms/eShopWinForms.fx.csproj:1,Old-style project files only build with Visual Studio MSBuild on Windows.,Convert to SDK-style during the port.,SDK-style project,,,
F-059,eshopmodernizing:INV-LEGACY-PROJECT:eshopmodernizedwebformssolution-src-eshopmodernizedwebforms-eshopmodernizedwebforms-csproj,eshopmodernizing,eShopModernizedWebForms,eShopModernizedWebFormsSolution/src/eShopModernizedWebForms/eShopModernizedWebForms.csproj,build-delivery,INV-LEGACY-PROJECT,Legacy (non-SDK) project file,Medium,Confirmed,1,eShopModernizedWebFormsSolution/src/eShopModernizedWebForms/eShopModernizedWebForms.csproj:1,Old-style project files only build with Visual Studio MSBuild on Windows.,Convert to SDK-style during the port.,SDK-style project,,,
F-060,eshopmodernizing:API-CONFIGMANAGER:eshoplegacymvcsolution-src-eshoplegacymvc-eshoplegacymvc-csproj,eshopmodernizing,eShopLegacyMVC,eShopLegacyMVCSolution/src/eShopLegacyMVC/eShopLegacyMVC.csproj,configuration-secrets,API-CONFIGMANAGER,System.Configuration (ConfigurationManager),Medium,Confirmed,3,eShopLegacyMVCSolution/src/eShopLegacyMVC/Global.asax.cs:68 ; eShopLegacyMVCSolution/src/eShopLegacyMVC/Global.asax.cs:85 ; eShopLegacyMVCSolution/src/eShopLegacyMVC/Models/Infrastructure/CatalogDBInitializer.cs:29,web.config/app.config do not drive ASP.NET Core; values must move to appsettings/environment and secrets to AWS stores.,Introduce IConfiguration/IOptions; source settings from appsettings + Parameter Store and secrets from Secrets Manager.,IConfiguration + Amazon.Extensions.Configuration.SystemsManager,,,
F-061,eshopmodernizing:API-CONFIGMANAGER:eshoplegacywebformssolution-src-eshoplegacywebforms-eshoplegacywebforms-csproj,eshopmodernizing,eShopLegacyWebForms,eShopLegacyWebFormsSolution/src/eShopLegacyWebForms/eShopLegacyWebForms.csproj,configuration-secrets,API-CONFIGMANAGER,System.Configuration (ConfigurationManager),Medium,Confirmed,3,eShopLegacyWebFormsSolution/src/eShopLegacyWebForms/Global.asax.cs:53 ; eShopLegacyWebFormsSolution/src/eShopLegacyWebForms/Global.asax.cs:61 ; eShopLegacyWebFormsSolution/src/eShopLegacyWebForms/Models/Infrastructure/CatalogDBInitializer.cs:29,web.config/app.config do not drive ASP.NET Core; values must move to appsettings/environment and secrets to AWS stores.,Introduce IConfiguration/IOptions; source settings from appsettings + Parameter Store and secrets from Secrets Manager.,IConfiguration + Amazon.Extensions.Configuration.SystemsManager,,,
F-062,eshopmodernizing:API-CONFIGMANAGER:eshopmodernizedmvcsolution-src-eshopmodernizedmvc-eshopmodernizedmvc-csproj,eshopmodernizing,eShopModernizedMVC,eShopModernizedMVCSolution/src/eShopModernizedMVC/eShopModernizedMVC.csproj,configuration-secrets,API-CONFIGMANAGER,System.Configuration (ConfigurationManager),Medium,Confirmed,9,eShopModernizedMVCSolution/src/eShopModernizedMVC/App_Start/CatalogConfiguration.cs:44 ; eShopModernizedMVCSolution/src/eShopModernizedMVC/App_Start/CatalogConfiguration.cs:52 ; eShopModernizedMVCSolution/src/eShopModernizedMVC/App_Start/CatalogConfiguration.cs:68 ; eShopModernizedMVCSolution/src/eShopModernizedMVC/App_Start/CatalogConfiguration.cs:76 ; eShopModernizedMVCSolution/src/eShopModernizedMVC/App_Start/CatalogConfiguration.cs:84 ; eShopModernizedMVCSolution/src/eShopModernizedMVC/App_Start/CatalogConfiguration.cs:90 ; eShopModernizedMVCSolution/src/eShopModernizedMVC/App_Start/SqlAccessTokenProvider.cs:26 ; eShopModernizedMVCSolution/src/eShopModernizedMVC/App_Start/SqlAccessTokenProvider.cs:40 ; eShopModernizedMVCSolution/src/eShopModernizedMVC/App_Start/Startup.Auth.cs:38,web.config/app.config do not drive ASP.NET Core; values must move to appsettings/environment and secrets to AWS stores.,Introduce IConfiguration/IOptions; source settings from appsettings + Parameter Store and secrets from Secrets Manager.,IConfiguration + Amazon.Extensions.Configuration.SystemsManager,,,
F-063,eshopmodernizing:API-CONFIGMANAGER:eshopmodernizedwebformssolution-src-eshopmodernizedwebforms-eshopmodernizedwebforms-csproj,eshopmodernizing,eShopModernizedWebForms,eShopModernizedWebFormsSolution/src/eShopModernizedWebForms/eShopModernizedWebForms.csproj,configuration-secrets,API-CONFIGMANAGER,System.Configuration (ConfigurationManager),Medium,Confirmed,9,eShopModernizedWebFormsSolution/src/eShopModernizedWebForms/App_Start/CatalogConfiguration.cs:44 ; eShopModernizedWebFormsSolution/src/eShopModernizedWebForms/App_Start/CatalogConfiguration.cs:52 ; eShopModernizedWebFormsSolution/src/eShopModernizedWebForms/App_Start/CatalogConfiguration.cs:68 ; eShopModernizedWebFormsSolution/src/eShopModernizedWebForms/App_Start/CatalogConfiguration.cs:76 ; eShopModernizedWebFormsSolution/src/eShopModernizedWebForms/App_Start/CatalogConfiguration.cs:84 ; eShopModernizedWebFormsSolution/src/eShopModernizedWebForms/App_Start/CatalogConfiguration.cs:90 ; eShopModernizedWebFormsSolution/src/eShopModernizedWebForms/App_Start/SqlAccessTokenProvider.cs:26 ; eShopModernizedWebFormsSolution/src/eShopModernizedWebForms/App_Start/SqlAccessTokenProvider.cs:40 ; eShopModernizedWebFormsSolution/src/eShopModernizedWebForms/App_Start/Startup.Auth.cs:21,web.config/app.config do not drive ASP.NET Core; values must move to appsettings/environment and secrets to AWS stores.,Introduce IConfiguration/IOptions; source settings from appsettings + Parameter Store and secrets from Secrets Manager.,IConfiguration + Amazon.Extensions.Configuration.SystemsManager,,,
F-064,eshopmodernizing:WCF-CLIENT:eshoplegacyntier-src-eshopwcfservice-eshopwcfservice-csproj,eshopmodernizing,eShopWCFService,eShopLegacyNTier/src/eShopWCFService/eShopWCFService.csproj,connectivity,WCF-CLIENT,WCF / SOAP client proxies,Medium,Confirmed,1,eShopLegacyNTier/src/eShopWCFService/CatalogServiceClient.cs:9,"WCF clients work on .NET via System.ServiceModel.* packages, but generated proxies and client config must be regenerated and the endpoint must be reachable from AWS.",Regenerate proxies with dotnet-svcutil; move endpoint config to appsettings; confirm network path.,System.ServiceModel.Http/NetTcp + dotnet-svcutil,,,
F-065,eshopmodernizing:WCF-CLIENT:eshoplegacyntier-src-eshopwinforms-eshopwinforms-csproj,eshopmodernizing,eShopWinForms,eShopLegacyNTier/src/eShopWinForms/eShopWinForms.csproj,connectivity,WCF-CLIENT,WCF / SOAP client proxies,Medium,Confirmed,2,eShopLegacyNTier/src/eShopWinForms/App.config:25 ; eShopLegacyNTier/src/eShopWinForms/Connected Services/eShopServiceReference/Reference.cs:568,"WCF clients work on .NET via System.ServiceModel.* packages, but generated proxies and client config must be regenerated and the endpoint must be reachable from AWS.",Regenerate proxies with dotnet-svcutil; move endpoint config to appsettings; confirm network path.,System.ServiceModel.Http/NetTcp + dotnet-svcutil,,,
F-066,eshopmodernizing:WCF-CLIENT:eshopmodernizedntier-src-eshopwcfservice-eshopwcfservice-csproj,eshopmodernizing,eShopWCFService,eShopModernizedNTier/src/eShopWCFService/eShopWCFService.csproj,connectivity,WCF-CLIENT,WCF / SOAP client proxies,Medium,Confirmed,1,eShopModernizedNTier/src/eShopWCFService/CatalogServiceClient.cs:9,"WCF clients work on .NET via System.ServiceModel.* packages, but generated proxies and client config must be regenerated and the endpoint must be reachable from AWS.",Regenerate proxies with dotnet-svcutil; move endpoint config to appsettings; confirm network path.,System.ServiceModel.Http/NetTcp + dotnet-svcutil,,,
F-067,eshopmodernizing:WCF-CLIENT:eshopmodernizedntier-src-eshopwinforms-eshopwinforms-csproj,eshopmodernizing,eShopWinForms,eShopModernizedNTier/src/eShopWinForms/eShopWinForms.csproj,connectivity,WCF-CLIENT,WCF / SOAP client proxies,Medium,Confirmed,2,eShopModernizedNTier/src/eShopWinForms/App.config:19 ; eShopModernizedNTier/src/eShopWinForms/Connected Services/eShopServiceReference/Reference.cs:438,"WCF clients work on .NET via System.ServiceModel.* packages, but generated proxies and client config must be regenerated and the endpoint must be reachable from AWS.",Regenerate proxies with dotnet-svcutil; move endpoint config to appsettings; confirm network path.,System.ServiceModel.Http/NetTcp + dotnet-svcutil,,,
F-068,eshopmodernizing:MAN-DESKTOP-SERVICE-ENDPOINT:203,eshopmodernizing,eShopWinForms,eShopLegacyNTier/src/eShopWinForms/eShopWinForms.csproj,dependencies,MAN-DESKTOP-SERVICE-ENDPOINT,Desktop client calls the WCF catalog service over basicHttpBinding (endpoint in App.config),Medium,Confirmed,2,eShopLegacyNTier/src/eShopWinForms/App.config:26 ; eShopLegacyNTier/src/eShopWCFService/Web.config:39,"Integration direction: WinForms (user machines) -> WCF service (server). When the service moves to AWS, every installed desktop client needs the new HTTPS endpoint, and the SOAP contract must stay identical (CoreWCF BasicHttpBinding keeps it).","Port the service with CoreWCF (basicHttpBinding is supported), publish it behind an ALB with HTTPS, and ship a desktop configuration update (or a DNS name that is repointed at cut-over).",Keep a stable DNS name so clients do not need reconfiguration,"How are desktop clients deployed and updated (MSI, ClickOnce, manual), and how many are installed?",,
F-069,eshopmodernizing:FILE-CASE-MISMATCH:eshoplegacymvcsolution-src-eshoplegacymvc-eshoplegacymvc-csproj,eshopmodernizing,eShopLegacyMVC,eShopLegacyMVCSolution/src/eShopLegacyMVC/eShopLegacyMVC.csproj,file-handling,FILE-CASE-MISMATCH,Path literal differs in case from the file on disk,Medium,Confirmed,4,eShopLegacyMVCSolution/src/eShopLegacyMVC/App_Start/BundleConfig.cs:29 ; eShopLegacyMVCSolution/src/eShopLegacyMVC/Views/Shared/_Layout.cshtml:14 ; eShopLegacyMVCSolution/src/eShopLegacyMVC/Views/Shared/_Layout.cshtml:30 ; eShopLegacyMVCSolution/src/eShopLegacyMVC/Views/Shared/_Layout.cshtml:33,Linux file systems are case-sensitive: this reference works on Windows and returns 404/FileNotFound on Linux.,Fix the literal (or the file name) to match exactly; add a CI check.,,,,
F-070,eshopmodernizing:FILE-CASE-MISMATCH:eshoplegacywebformssolution-src-eshoplegacywebforms-eshoplegacywebforms-csproj,eshopmodernizing,eShopLegacyWebForms,eShopLegacyWebFormsSolution/src/eShopLegacyWebForms/eShopLegacyWebForms.csproj,file-handling,FILE-CASE-MISMATCH,Path literal differs in case from the file on disk,Medium,Confirmed,5,eShopLegacyWebFormsSolution/src/eShopLegacyWebForms/Bundle.config:5 ; eShopLegacyWebFormsSolution/src/eShopLegacyWebForms/App_Start/BundleConfig.cs:23 ; eShopLegacyWebFormsSolution/src/eShopLegacyWebForms/App_Start/BundleConfig.cs:24 ; eShopLegacyWebFormsSolution/src/eShopLegacyWebForms/App_Start/BundleConfig.cs:25 ; eShopLegacyWebFormsSolution/src/eShopLegacyWebForms/App_Start/BundleConfig.cs:26,Linux file systems are case-sensitive: this reference works on Windows and returns 404/FileNotFound on Linux.,Fix the literal (or the file name) to match exactly; add a CI check.,,,,
F-071,eshopmodernizing:FILE-CASE-MISMATCH:eshopmodernizedmvcsolution-src-eshopmodernizedmvc-eshopmodernizedmvc-csproj,eshopmodernizing,eShopModernizedMVC,eShopModernizedMVCSolution/src/eShopModernizedMVC/eShopModernizedMVC.csproj,file-handling,FILE-CASE-MISMATCH,Path literal differs in case from the file on disk,Medium,Confirmed,4,eShopModernizedMVCSolution/src/eShopModernizedMVC/App_Start/BundleConfig.cs:31 ; eShopModernizedMVCSolution/src/eShopModernizedMVC/Views/Shared/_Layout.cshtml:14 ; eShopModernizedMVCSolution/src/eShopModernizedMVC/Views/Shared/_Layout.cshtml:34 ; eShopModernizedMVCSolution/src/eShopModernizedMVC/Views/Shared/_Layout.cshtml:37,Linux file systems are case-sensitive: this reference works on Windows and returns 404/FileNotFound on Linux.,Fix the literal (or the file name) to match exactly; add a CI check.,,,,
F-072,eshopmodernizing:FILE-CASE-MISMATCH:eshopmodernizedwebformssolution-src-eshopmodernizedwebforms-eshopmodernizedwebforms-csproj,eshopmodernizing,eShopModernizedWebForms,eShopModernizedWebFormsSolution/src/eShopModernizedWebForms/eShopModernizedWebForms.csproj,file-handling,FILE-CASE-MISMATCH,Path literal differs in case from the file on disk,Medium,Confirmed,5,eShopModernizedWebFormsSolution/src/eShopModernizedWebForms/Bundle.config:5 ; eShopModernizedWebFormsSolution/src/eShopModernizedWebForms/App_Start/BundleConfig.cs:24 ; eShopModernizedWebFormsSolution/src/eShopModernizedWebForms/App_Start/BundleConfig.cs:25 ; eShopModernizedWebFormsSolution/src/eShopModernizedWebForms/App_Start/BundleConfig.cs:26 ; eShopModernizedWebFormsSolution/src/eShopModernizedWebForms/App_Start/BundleConfig.cs:27,Linux file systems are case-sensitive: this reference works on Windows and returns 404/FileNotFound on Linux.,Fix the literal (or the file name) to match exactly; add a CI check.,,,,
F-073,eshopmodernizing:FILE-MAPPATH:eshoplegacymvcsolution-src-eshoplegacymvc-eshoplegacymvc-csproj,eshopmodernizing,eShopLegacyMVC,eShopLegacyMVCSolution/src/eShopLegacyMVC/eShopLegacyMVC.csproj,file-handling,FILE-MAPPATH,Server.MapPath / HostingEnvironment.MapPath,Medium,Confirmed,1,eShopLegacyMVCSolution/src/eShopLegacyMVC/Controllers/PicController.cs:38,MapPath does not exist in ASP.NET Core; files under the site folder are lost when containers restart.,Use IWebHostEnvironment.ContentRootPath/WebRootPath for read-only assets; S3/EFS for writable data.,IWebHostEnvironment + S3,,,
F-074,eshopmodernizing:FILE-MAPPATH:eshopmodernizedmvcsolution-src-eshopmodernizedmvc-eshopmodernizedmvc-csproj,eshopmodernizing,eShopModernizedMVC,eShopModernizedMVCSolution/src/eShopModernizedMVC/eShopModernizedMVC.csproj,file-handling,FILE-MAPPATH,Server.MapPath / HostingEnvironment.MapPath,Medium,Confirmed,2,eShopModernizedMVCSolution/src/eShopModernizedMVC/Services/ImageAzureStorage.cs:52 ; eShopModernizedMVCSolution/src/eShopModernizedMVC/Services/ImageMockStorage.cs:40,MapPath does not exist in ASP.NET Core; files under the site folder are lost when containers restart.,Use IWebHostEnvironment.ContentRootPath/WebRootPath for read-only assets; S3/EFS for writable data.,IWebHostEnvironment + S3,,,
F-075,eshopmodernizing:FILE-MAPPATH:eshopmodernizedwebformssolution-src-eshopmodernizedwebforms-eshopmodernizedwebforms-csproj,eshopmodernizing,eShopModernizedWebForms,eShopModernizedWebFormsSolution/src/eShopModernizedWebForms/eShopModernizedWebForms.csproj,file-handling,FILE-MAPPATH,Server.MapPath / HostingEnvironment.MapPath,Medium,Confirmed,3,eShopModernizedWebFormsSolution/src/eShopModernizedWebForms/App_Start/RouteConfig.cs:62 ; eShopModernizedWebFormsSolution/src/eShopModernizedWebForms/Services/ImageAzureStorage.cs:52 ; eShopModernizedWebFormsSolution/src/eShopModernizedWebForms/Services/ImageMockStorage.cs:40,MapPath does not exist in ASP.NET Core; files under the site folder are lost when containers restart.,Use IWebHostEnvironment.ContentRootPath/WebRootPath for read-only assets; S3/EFS for writable data.,IWebHostEnvironment + S3,,,
F-076,eshopmodernizing:FE-LEGACY-LIBS:eshoplegacymvcsolution-eshopported-eshopported-csproj,eshopmodernizing,eShopPorted,eShopLegacyMVCSolution/eShopPorted/eShopPorted.csproj,front-end,FE-LEGACY-LIBS,Outdated client libraries,Medium,Confirmed,4,eShopLegacyMVCSolution/eShopPorted/wwwroot/Scripts/jquery-3.3.1.js:1 ; eShopLegacyMVCSolution/eShopPorted/wwwroot/Scripts/jquery-3.3.1.min.js:1 ; eShopLegacyMVCSolution/eShopPorted/wwwroot/Scripts/modernizr-2.6.2.js:1 ; eShopLegacyMVCSolution/eShopPorted/wwwroot/Scripts/modernizr-2.8.3.js:1,Old jQuery (< 3.5) and AngularJS (EOL) carry known vulnerabilities and complicate the UI port.,Upgrade or replace during the UI work; serve from a bundler or CDN.,jQuery 3.7+ / modern framework,,,
F-077,eshopmodernizing:FE-LEGACY-LIBS:eshoplegacymvcsolution-src-eshoplegacymvc-eshoplegacymvc-csproj,eshopmodernizing,eShopLegacyMVC,eShopLegacyMVCSolution/src/eShopLegacyMVC/eShopLegacyMVC.csproj,front-end,FE-LEGACY-LIBS,Outdated client libraries,Medium,Confirmed,4,eShopLegacyMVCSolution/src/eShopLegacyMVC/Scripts/jquery-3.3.1.js:1 ; eShopLegacyMVCSolution/src/eShopLegacyMVC/Scripts/jquery-3.3.1.min.js:1 ; eShopLegacyMVCSolution/src/eShopLegacyMVC/Scripts/modernizr-2.6.2.js:1 ; eShopLegacyMVCSolution/src/eShopLegacyMVC/Scripts/modernizr-2.8.3.js:1,Old jQuery (< 3.5) and AngularJS (EOL) carry known vulnerabilities and complicate the UI port.,Upgrade or replace during the UI work; serve from a bundler or CDN.,jQuery 3.7+ / modern framework,,,
F-078,eshopmodernizing:FE-LEGACY-LIBS:eshoplegacywebformssolution-src-eshoplegacywebforms-eshoplegacywebforms-csproj,eshopmodernizing,eShopLegacyWebForms,eShopLegacyWebFormsSolution/src/eShopLegacyWebForms/eShopLegacyWebForms.csproj,front-end,FE-LEGACY-LIBS,Outdated client libraries,Medium,Confirmed,3,eShopLegacyWebFormsSolution/src/eShopLegacyWebForms/Scripts/jquery-3.3.1.js:1 ; eShopLegacyWebFormsSolution/src/eShopLegacyWebForms/Scripts/jquery-3.3.1.min.js:1 ; eShopLegacyWebFormsSolution/src/eShopLegacyWebForms/Scripts/modernizr-2.8.3.js:1,Old jQuery (< 3.5) and AngularJS (EOL) carry known vulnerabilities and complicate the UI port.,Upgrade or replace during the UI work; serve from a bundler or CDN.,jQuery 3.7+ / modern framework,,,
F-079,eshopmodernizing:FE-LEGACY-LIBS:eshopmodernizedmvcsolution-src-eshopmodernizedmvc-eshopmodernizedmvc-csproj,eshopmodernizing,eShopModernizedMVC,eShopModernizedMVCSolution/src/eShopModernizedMVC/eShopModernizedMVC.csproj,front-end,FE-LEGACY-LIBS,Outdated client libraries,Medium,Confirmed,4,eShopModernizedMVCSolution/src/eShopModernizedMVC/Scripts/jquery-3.4.1.js:1 ; eShopModernizedMVCSolution/src/eShopModernizedMVC/Scripts/jquery-3.4.1.min.js:1 ; eShopModernizedMVCSolution/src/eShopModernizedMVC/Scripts/modernizr-2.6.2.js:1 ; eShopModernizedMVCSolution/src/eShopModernizedMVC/Scripts/modernizr-2.8.3.js:1,Old jQuery (< 3.5) and AngularJS (EOL) carry known vulnerabilities and complicate the UI port.,Upgrade or replace during the UI work; serve from a bundler or CDN.,jQuery 3.7+ / modern framework,,,
F-080,eshopmodernizing:FE-LEGACY-LIBS:eshopmodernizedwebformssolution-src-eshopmodernizedwebforms-eshopmodernizedwebforms-csproj,eshopmodernizing,eShopModernizedWebForms,eShopModernizedWebFormsSolution/src/eShopModernizedWebForms/eShopModernizedWebForms.csproj,front-end,FE-LEGACY-LIBS,Outdated client libraries,Medium,Confirmed,3,eShopModernizedWebFormsSolution/src/eShopModernizedWebForms/Scripts/jquery-3.4.1.js:1 ; eShopModernizedWebFormsSolution/src/eShopModernizedWebForms/Scripts/jquery-3.4.1.min.js:1 ; eShopModernizedWebFormsSolution/src/eShopModernizedWebForms/Scripts/modernizr-2.8.3.js:1,Old jQuery (< 3.5) and AngularJS (EOL) carry known vulnerabilities and complicate the UI port.,Upgrade or replace during the UI work; serve from a bundler or CDN.,jQuery 3.7+ / modern framework,,,
F-081,eshopmodernizing:FE-VIEWSTATE:eshoplegacywebformssolution-src-eshoplegacywebforms-eshoplegacywebforms-csproj,eshopmodernizing,eShopLegacyWebForms,eShopLegacyWebFormsSolution/src/eShopLegacyWebForms/eShopLegacyWebForms.csproj,front-end,FE-VIEWSTATE,ViewState reliance,Medium,Confirmed,1,eShopLegacyWebFormsSolution/src/eShopLegacyWebForms/Catalog/Edit.aspx.cs:20,ViewState/postback state management has no equivalent outside Web Forms.,Redesign page state in the target UI.,Component state (Blazor) / client state,,,
F-082,eshopmodernizing:FE-VIEWSTATE:eshopmodernizedwebformssolution-src-eshopmodernizedwebforms-eshopmodernizedwebforms-csproj,eshopmodernizing,eShopModernizedWebForms,eShopModernizedWebFormsSolution/src/eShopModernizedWebForms/eShopModernizedWebForms.csproj,front-end,FE-VIEWSTATE,ViewState reliance,Medium,Confirmed,1,eShopModernizedWebFormsSolution/src/eShopModernizedWebForms/Catalog/Edit.aspx.cs:28,ViewState/postback state management has no equivalent outside Web Forms.,Redesign page state in the target UI.,Component state (Blazor) / client state,,,
F-083,eshopmodernizing:HOST-WINDOWS-CONTAINER:eshopmodernizedmvcsolution-src-eshopmodernizedmvc-eshopmodernizedmvc-csproj,eshopmodernizing,eShopModernizedMVC,eShopModernizedMVCSolution/src/eShopModernizedMVC/eShopModernizedMVC.csproj,hosting,HOST-WINDOWS-CONTAINER,Windows container images,Medium,Confirmed,1,eShopModernizedMVCSolution/src/eShopModernizedMVC/Dockerfile:1,Windows containers keep Windows licensing and run only on Windows nodes (ECS Windows / EKS Windows).,"After porting, rebuild on Linux images (mcr.microsoft.com/dotnet/aspnet:10.0); otherwise run on ECS with Windows container instances.",Linux .NET 10 images; ECS Windows as fallback,,,
F-084,eshopmodernizing:HOST-WINDOWS-CONTAINER:eshopmodernizedntier-src-eshopwcfservice-eshopwcfservice-csproj,eshopmodernizing,eShopWCFService,eShopModernizedNTier/src/eShopWCFService/eShopWCFService.csproj,hosting,HOST-WINDOWS-CONTAINER,Windows container images,Medium,Confirmed,1,eShopModernizedNTier/src/eShopWCFService/Dockerfile:1,Windows containers keep Windows licensing and run only on Windows nodes (ECS Windows / EKS Windows).,"After porting, rebuild on Linux images (mcr.microsoft.com/dotnet/aspnet:10.0); otherwise run on ECS with Windows container instances.",Linux .NET 10 images; ECS Windows as fallback,,,
F-085,eshopmodernizing:HOST-WINDOWS-CONTAINER:eshopmodernizedwebformssolution-src-eshopmodernizedwebforms-eshopmodernizedwebforms-csproj,eshopmodernizing,eShopModernizedWebForms,eShopModernizedWebFormsSolution/src/eShopModernizedWebForms/eShopModernizedWebForms.csproj,hosting,HOST-WINDOWS-CONTAINER,Windows container images,Medium,Confirmed,1,eShopModernizedWebFormsSolution/src/eShopModernizedWebForms/Dockerfile:1,Windows containers keep Windows licensing and run only on Windows nodes (ECS Windows / EKS Windows).,"After porting, rebuild on Linux images (mcr.microsoft.com/dotnet/aspnet:10.0); otherwise run on ECS with Windows container instances.",Linux .NET 10 images; ECS Windows as fallback,,,
F-086,eshopmodernizing:IIS-MODULES-HANDLERS:eshoplegacymvcsolution-src-eshoplegacymvc-eshoplegacymvc-csproj,eshopmodernizing,eShopLegacyMVC,eShopLegacyMVCSolution/src/eShopLegacyMVC/eShopLegacyMVC.csproj,hosting,IIS-MODULES-HANDLERS,IIS modules and handlers registered in config,Medium,Confirmed,6,eShopLegacyMVCSolution/src/eShopLegacyMVC/Web.config:34 ; eShopLegacyMVCSolution/src/eShopLegacyMVC/Web.config:35 ; eShopLegacyMVCSolution/src/eShopLegacyMVC/Web.config:36 ; eShopLegacyMVCSolution/src/eShopLegacyMVC/Web.config:88 ; eShopLegacyMVCSolution/src/eShopLegacyMVC/Web.config:90 ; eShopLegacyMVCSolution/src/eShopLegacyMVC/Web.config:92,Module/handler registrations configure IIS; each needs an ASP.NET Core equivalent.,Map each registered module/handler to middleware or remove.,Middleware,,,
F-087,eshopmodernizing:IIS-MODULES-HANDLERS:eshoplegacywebformssolution-src-eshoplegacywebforms-eshoplegacywebforms-csproj,eshopmodernizing,eShopLegacyWebForms,eShopLegacyWebFormsSolution/src/eShopLegacyWebForms/eShopLegacyWebForms.csproj,hosting,IIS-MODULES-HANDLERS,IIS modules and handlers registered in config,Medium,Confirmed,10,eShopLegacyWebFormsSolution/src/eShopLegacyWebForms/Web.config:38 ; eShopLegacyWebFormsSolution/src/eShopLegacyWebForms/Web.config:39 ; eShopLegacyWebFormsSolution/src/eShopLegacyWebForms/Web.config:40 ; eShopLegacyWebFormsSolution/src/eShopLegacyWebForms/Web.config:41 ; eShopLegacyWebFormsSolution/src/eShopLegacyWebForms/Web.config:42 ; eShopLegacyWebFormsSolution/src/eShopLegacyWebForms/Web.config:73 ; eShopLegacyWebFormsSolution/src/eShopLegacyWebForms/Web.config:74 ; eShopLegacyWebFormsSolution/src/eShopLegacyWebForms/Web.config:76 ; eShopLegacyWebFormsSolution/src/eShopLegacyWebForms/Web.config:78 ; eShopLegacyWebFormsSolution/src/eShopLegacyWebForms/Web.config:80,Module/handler registrations configure IIS; each needs an ASP.NET Core equivalent.,Map each registered module/handler to middleware or remove.,Middleware,,,
F-088,eshopmodernizing:IIS-MODULES-HANDLERS:eshopmodernizedmvcsolution-src-eshopmodernizedmvc-eshopmodernizedmvc-csproj,eshopmodernizing,eShopModernizedMVC,eShopModernizedMVCSolution/src/eShopModernizedMVC/eShopModernizedMVC.csproj,hosting,IIS-MODULES-HANDLERS,IIS modules and handlers registered in config,Medium,Confirmed,23,eShopModernizedMVCSolution/src/eShopModernizedMVC/Web.config:15 ; eShopModernizedMVCSolution/src/eShopModernizedMVC/Web.config:59 ; eShopModernizedMVCSolution/src/eShopModernizedMVC/Web.config:60 ; eShopModernizedMVCSolution/src/eShopModernizedMVC/Web.config:61 ; eShopModernizedMVCSolution/src/eShopModernizedMVC/Web.config:227 ; eShopModernizedMVCSolution/src/eShopModernizedMVC/Web.config:229 ; eShopModernizedMVCSolution/src/eShopModernizedMVC/Web.config:231 ; eShopModernizedMVCSolution/src/eShopModernizedMVC/Web.config:248 ; eShopModernizedMVCSolution/src/eShopModernizedMVC/Web.config:249 ; eShopModernizedMVCSolution/src/eShopModernizedMVC/Web.config:250 ; eShopModernizedMVCSolution/src/eShopModernizedMVC/Web.config:253 ; eShopModernizedMVCSolution/src/eShopModernizedMVC/Web.config:254 ; eShopModernizedMVCSolution/src/eShopModernizedMVC/Web.config:255 ; eShopModernizedMVCSolution/src/eShopModernizedMVC/Web.config:256 ; eShopModernizedMVCSolution/src/eShopModernizedMVC/Web.config:257 ; eShopModernizedMVCSolution/src/eShopModernizedMVC/Web.config:260 ; eShopModernizedMVCSolution/src/eShopModernizedMVC/Web.config:261 ; eShopModernizedMVCSolution/src/eShopModernizedMVC/Web.config:262 ; eShopModernizedMVCSolution/src/eShopModernizedMVC/Web.config:263 ; eShopModernizedMVCSolution/src/eShopModernizedMVC/Web.config:264 ; eShopModernizedMVCSolution/src/eShopModernizedMVC/Web.config:265 ; eShopModernizedMVCSolution/src/eShopModernizedMVC/Web.config:266 ; eShopModernizedMVCSolution/src/eShopModernizedMVC/Web.config:290,Module/handler registrations configure IIS; each needs an ASP.NET Core equivalent.,Map each registered module/handler to middleware or remove.,Middleware,,,
F-089,eshopmodernizing:IIS-MODULES-HANDLERS:eshopmodernizedwebformssolution-src-eshopmodernizedwebforms-eshopmodernizedwebforms-csproj,eshopmodernizing,eShopModernizedWebForms,eShopModernizedWebFormsSolution/src/eShopModernizedWebForms/eShopModernizedWebForms.csproj,hosting,IIS-MODULES-HANDLERS,IIS modules and handlers registered in config,Medium,Confirmed,27,eShopModernizedWebFormsSolution/src/eShopModernizedWebForms/Web.config:14 ; eShopModernizedWebFormsSolution/src/eShopModernizedWebForms/Web.config:62 ; eShopModernizedWebFormsSolution/src/eShopModernizedWebForms/Web.config:63 ; eShopModernizedWebFormsSolution/src/eShopModernizedWebForms/Web.config:64 ; eShopModernizedWebFormsSolution/src/eShopModernizedWebForms/Web.config:65 ; eShopModernizedWebFormsSolution/src/eShopModernizedWebForms/Web.config:66 ; eShopModernizedWebFormsSolution/src/eShopModernizedWebForms/Web.config:211 ; eShopModernizedWebFormsSolution/src/eShopModernizedWebForms/Web.config:212 ; eShopModernizedWebFormsSolution/src/eShopModernizedWebForms/Web.config:214 ; eShopModernizedWebFormsSolution/src/eShopModernizedWebForms/Web.config:216 ; eShopModernizedWebFormsSolution/src/eShopModernizedWebForms/Web.config:218 ; eShopModernizedWebFormsSolution/src/eShopModernizedWebForms/Web.config:235 ; eShopModernizedWebFormsSolution/src/eShopModernizedWebForms/Web.config:236 ; eShopModernizedWebFormsSolution/src/eShopModernizedWebForms/Web.config:237 ; eShopModernizedWebFormsSolution/src/eShopModernizedWebForms/Web.config:240 ; eShopModernizedWebFormsSolution/src/eShopModernizedWebForms/Web.config:241 ; eShopModernizedWebFormsSolution/src/eShopModernizedWebForms/Web.config:242 ; eShopModernizedWebFormsSolution/src/eShopModernizedWebForms/Web.config:243 ; eShopModernizedWebFormsSolution/src/eShopModernizedWebForms/Web.config:244 ; eShopModernizedWebFormsSolution/src/eShopModernizedWebForms/Web.config:247 ; eShopModernizedWebFormsSolution/src/eShopModernizedWebForms/Web.config:248 ; eShopModernizedWebFormsSolution/src/eShopModernizedWebForms/Web.config:249 ; eShopModernizedWebFormsSolution/src/eShopModernizedWebForms/Web.config:250 ; eShopModernizedWebFormsSolution/src/eShopModernizedWebForms/Web.config:251 ; eShopModernizedWebFormsSolution/src/eShopModernizedWebForms/Web.config:252,Module/handler registrations configure IIS; each needs an ASP.NET Core equivalent.,Map each registered module/handler to middleware or remove.,Middleware,,,
F-090,eshopmodernizing:INV-CORE-ON-FRAMEWORK:eshoplegacymvcsolution-eshopported-eshopported-csproj,eshopmodernizing,eShopPorted,eShopLegacyMVCSolution/eShopPorted/eShopPorted.csproj,inventory,INV-CORE-ON-FRAMEWORK,ASP.NET Core / SDK-style project still targeting .NET Framework,Medium,Confirmed,1,eShopLegacyMVCSolution/eShopPorted/eShopPorted.csproj:3,ASP.NET Core 2.x on .NET Framework is a half-way port: it is out of support and still Windows-only.,Retarget to net10.0 and update ASP.NET Core packages.,.NET 10,,,
F-091,eshopmodernizing:PKG-autofac-web:repository,eshopmodernizing,eShopLegacyWebForms; eShopModernizedWebForms,(repository),packages,PKG-autofac-web,Package Autofac.Web (replace),Medium,Confirmed,2,eShopLegacyWebFormsSolution/src/eShopLegacyWebForms/packages.config:7,No .NET Standard/.NET target in latest 8.0.0 (targets .netframework4.8.1),Find a supported version or replacement.,,,,
F-092,eshopmodernizing:PKG-log4net-appender-azure:repository,eshopmodernizing,eShopModernizedMVC; eShopModernizedWebForms,(repository),packages,PKG-log4net-appender-azure,Package log4net.Appender.Azure (replace),Medium,Confirmed,2,eShopModernizedMVCSolution/src/eShopModernizedMVC/packages.config:11,No .NET Standard/.NET target in latest 1.4.3 (targets .netframework4.5),Find a supported version or replacement.,,,,
F-093,eshopmodernizing:PKG-microsoft-aspnet-friendlyurls-core:repository,eshopmodernizing,eShopLegacyWebForms; eShopModernizedWebForms,(repository),packages,PKG-microsoft-aspnet-friendlyurls-core,Package Microsoft.AspNet.FriendlyUrls.Core (replace),Medium,Confirmed,2,eShopLegacyWebFormsSolution/src/eShopLegacyWebForms/packages.config:20,"No .NET Standard/.NET target in latest 1.0.2 (targets .netframework4.0, .netframework4.5)",Find a supported version or replacement.,,,,
F-094,eshopmodernizing:PKG-microsoft-azure-keyvault:repository,eshopmodernizing,eShopModernizedMVC; eShopModernizedWebForms,(repository),packages,PKG-microsoft-azure-keyvault,Package Microsoft.Azure.KeyVault (replace),Medium,Confirmed,2,eShopModernizedMVCSolution/src/eShopModernizedMVC/packages.config:28,Azure services: decide the AWS equivalent.,Replace with: AWSSDK.S3 / AWSSDK.SecretsManager,AWSSDK.S3 / AWSSDK.SecretsManager,,,
F-095,eshopmodernizing:PKG-microsoft-azure-keyvault-core:repository,eshopmodernizing,eShopModernizedMVC; eShopModernizedWebForms,(repository),packages,PKG-microsoft-azure-keyvault-core,Package Microsoft.Azure.KeyVault.Core (replace),Medium,Confirmed,2,eShopModernizedMVCSolution/src/eShopModernizedMVC/packages.config:29,Deprecated on nuget.org: Legacy; use Azure.Security.KeyVault.Keys,Find a supported version or replacement.,,,,
F-096,eshopmodernizing:PKG-microsoft-azure-keyvault-webkey:repository,eshopmodernizing,eShopModernizedMVC; eShopModernizedWebForms,(repository),packages,PKG-microsoft-azure-keyvault-webkey,Package Microsoft.Azure.KeyVault.WebKey (replace),Medium,Confirmed,2,eShopModernizedMVCSolution/src/eShopModernizedMVC/packages.config:30,Deprecated on nuget.org: Legacy; use Azure.Security.KeyVault.Keys,Find a supported version or replacement.,,,,
F-097,eshopmodernizing:PKG-microsoft-azure-services-appauthentication:repository,eshopmodernizing,eShopModernizedMVC; eShopModernizedWebForms,(repository),packages,PKG-microsoft-azure-services-appauthentication,Package Microsoft.Azure.Services.AppAuthentication (replace),Medium,Confirmed,2,eShopModernizedMVCSolution/src/eShopModernizedMVC/packages.config:31,Deprecated on nuget.org: Legacy; use Azure.Identity,Find a supported version or replacement.,,,,
F-098,eshopmodernizing:PKG-microsoft-data-odata:repository,eshopmodernizing,eShopModernizedMVC; eShopModernizedWebForms,(repository),packages,PKG-microsoft-data-odata,Package Microsoft.Data.OData (replace),Medium,Confirmed,2,eShopModernizedMVCSolution/src/eShopModernizedMVC/packages.config:39,Deprecated on nuget.org: CriticalBugs,Find a supported version or replacement.,,,,
F-099,eshopmodernizing:PKG-microsoft-identitymodel-clients-activedirectory:repository,eshopmodernizing,eShopModernizedMVC; eShopModernizedWebForms,(repository),packages,PKG-microsoft-identitymodel-clients-activedirectory,Package Microsoft.IdentityModel.Clients.ActiveDirectory (replace),Medium,Confirmed,2,eShopModernizedMVCSolution/src/eShopModernizedMVC/packages.config:50,Retired identity libraries.,Replace with: Microsoft.AspNetCore.Authentication.OpenIdConnect / Duende IdentityServer (licence) / Cognito,Microsoft.AspNetCore.Authentication.OpenIdConnect / Duende IdentityServer (licence) / Cognito,,,
F-100,eshopmodernizing:PKG-microsoft-identitymodel-protocol-extensions:repository,eshopmodernizing,eShopModernizedMVC; eShopModernizedWebForms,(repository),packages,PKG-microsoft-identitymodel-protocol-extensions,Package Microsoft.IdentityModel.Protocol.Extensions (replace),Medium,Confirmed,2,eShopModernizedMVCSolution/src/eShopModernizedMVC/packages.config:53,Retired identity libraries.,Replace with: Microsoft.AspNetCore.Authentication.OpenIdConnect / Duende IdentityServer (licence) / Cognito,Microsoft.AspNetCore.Authentication.OpenIdConnect / Duende IdentityServer (licence) / Cognito,,,
F-101,eshopmodernizing:PKG-microsoft-owin:repository,eshopmodernizing,eShopModernizedMVC; eShopModernizedWebForms,(repository),packages,PKG-microsoft-owin,Package Microsoft.Owin (replace),Medium,Confirmed,2,eShopModernizedMVCSolution/src/eShopModernizedMVC/packages.config:60,Katana/OWIN pipeline.,Replace with: ASP.NET Core middleware and authentication handlers,ASP.NET Core middleware and authentication handlers,,,
F-102,eshopmodernizing:PKG-microsoft-owin-host-systemweb:repository,eshopmodernizing,eShopModernizedMVC; eShopModernizedWebForms,(repository),packages,PKG-microsoft-owin-host-systemweb,Package Microsoft.Owin.Host.SystemWeb (replace),Medium,Confirmed,2,eShopModernizedMVCSolution/src/eShopModernizedMVC/packages.config:61,Katana/OWIN pipeline.,Replace with: ASP.NET Core middleware and authentication handlers,ASP.NET Core middleware and authentication handlers,,,
F-103,eshopmodernizing:PKG-microsoft-owin-security:repository,eshopmodernizing,eShopModernizedMVC; eShopModernizedWebForms,(repository),packages,PKG-microsoft-owin-security,Package Microsoft.Owin.Security (replace),Medium,Confirmed,2,eShopModernizedMVCSolution/src/eShopModernizedMVC/packages.config:62,Katana/OWIN pipeline.,Replace with: ASP.NET Core middleware and authentication handlers,ASP.NET Core middleware and authentication handlers,,,
F-104,eshopmodernizing:PKG-microsoft-owin-security-cookies:repository,eshopmodernizing,eShopModernizedMVC; eShopModernizedWebForms,(repository),packages,PKG-microsoft-owin-security-cookies,Package Microsoft.Owin.Security.Cookies (replace),Medium,Confirmed,2,eShopModernizedMVCSolution/src/eShopModernizedMVC/packages.config:63,Katana/OWIN pipeline.,Replace with: ASP.NET Core middleware and authentication handlers,ASP.NET Core middleware and authentication handlers,,,
F-105,eshopmodernizing:PKG-microsoft-owin-security-openidconnect:repository,eshopmodernizing,eShopModernizedMVC; eShopModernizedWebForms,(repository),packages,PKG-microsoft-owin-security-openidconnect,Package Microsoft.Owin.Security.OpenIdConnect (replace),Medium,Confirmed,2,eShopModernizedMVCSolution/src/eShopModernizedMVC/packages.config:64,Katana/OWIN pipeline.,Replace with: ASP.NET Core middleware and authentication handlers,ASP.NET Core middleware and authentication handlers,,,
F-106,eshopmodernizing:PKG-microsoft-rest-clientruntime:repository,eshopmodernizing,eShopModernizedMVC; eShopModernizedWebForms,(repository),packages,PKG-microsoft-rest-clientruntime,Package Microsoft.Rest.ClientRuntime (replace),Medium,Confirmed,2,eShopModernizedMVCSolution/src/eShopModernizedMVC/packages.config:65,Deprecated on nuget.org: Legacy; use Azure.Core,Find a supported version or replacement.,,,,
F-107,eshopmodernizing:PKG-microsoft-rest-clientruntime-azure:repository,eshopmodernizing,eShopModernizedMVC; eShopModernizedWebForms,(repository),packages,PKG-microsoft-rest-clientruntime-azure,Package Microsoft.Rest.ClientRuntime.Azure (replace),Medium,Confirmed,2,eShopModernizedMVCSolution/src/eShopModernizedMVC/packages.config:66,Deprecated on nuget.org: Legacy; use Azure.Core,Find a supported version or replacement.,,,,
F-108,eshopmodernizing:PKG-microsoft-web-redissessionstateprovider:repository,eshopmodernizing,eShopModernizedMVC; eShopModernizedWebForms,(repository),packages,PKG-microsoft-web-redissessionstateprovider,Package Microsoft.Web.RedisSessionStateProvider (replace),Medium,Confirmed,2,eShopModernizedMVCSolution/src/eShopModernizedMVC/packages.config:68,"No .NET Standard/.NET target in latest 5.0.4 (targets .netframework4.6.2, .netframework4.7.2)",Find a supported version or replacement.,,,,
F-109,eshopmodernizing:PKG-microsoft-windowsazure-configurationmanager:repository,eshopmodernizing,eShopModernizedMVC; eShopModernizedWebForms,(repository),packages,PKG-microsoft-windowsazure-configurationmanager,Package Microsoft.WindowsAzure.ConfigurationManager (replace),Medium,Confirmed,2,eShopModernizedMVCSolution/src/eShopModernizedMVC/packages.config:70,Azure services: decide the AWS equivalent.,Replace with: AWSSDK.S3 / AWSSDK.SecretsManager,AWSSDK.S3 / AWSSDK.SecretsManager,,,
F-110,eshopmodernizing:PKG-owin:repository,eshopmodernizing,eShopModernizedMVC; eShopModernizedWebForms,(repository),packages,PKG-owin,Package Owin (replace),Medium,Confirmed,2,eShopModernizedMVCSolution/src/eShopModernizedMVC/packages.config:60,Katana/OWIN pipeline.,Replace with: ASP.NET Core middleware and authentication handlers,ASP.NET Core middleware and authentication handlers,,,
F-111,eshopmodernizing:PKG-system-diagnostics-performancecounter:repository,eshopmodernizing,eShopLegacyMVC; eShopLegacyWebForms; eShopModernizedMVC; eShopModernizedWebForms,(repository),packages,PKG-system-diagnostics-performancecounter,Package System.Diagnostics.PerformanceCounter (windows-only),Medium,Confirmed,4,eShopLegacyMVCSolution/src/eShopLegacyMVC/eShopLegacyMVC.csproj:129,Windows Compatibility Pack APIs (work on Windows only).,Replace with: Cross-platform equivalents,Cross-platform equivalents,,,
F-112,eshopmodernizing:PKG-windowsazure-servicebus:repository,eshopmodernizing,eShopModernizedMVC; eShopModernizedWebForms,(repository),packages,PKG-windowsazure-servicebus,Package WindowsAzure.ServiceBus (replace),Medium,Confirmed,2,eShopModernizedMVCSolution/src/eShopModernizedMVC/packages.config:147,Deprecated on nuget.org: Other; use Azure.Messaging.ServiceBus,Find a supported version or replacement.,,,,
F-113,eshopmodernizing:PKG-windowsazure-storage:repository,eshopmodernizing,eShopModernizedMVC; eShopModernizedWebForms,(repository),packages,PKG-windowsazure-storage,Package WindowsAzure.Storage (replace),Medium,Confirmed,2,eShopModernizedMVCSolution/src/eShopModernizedMVC/packages.config:148,Azure services: decide the AWS equivalent.,Replace with: AWSSDK.S3 / AWSSDK.SecretsManager,AWSSDK.S3 / AWSSDK.SecretsManager,,,
F-114,eshopmodernizing:STATE-SESSION:eshoplegacymvcsolution-src-eshoplegacymvc-eshoplegacymvc-csproj,eshopmodernizing,eShopLegacyMVC,eShopLegacyMVCSolution/src/eShopLegacyMVC/eShopLegacyMVC.csproj,state-scale,STATE-SESSION,Session usage in code,Medium,Confirmed,3,eShopLegacyMVCSolution/src/eShopLegacyMVC/Global.asax.cs:43 ; eShopLegacyMVCSolution/src/eShopLegacyMVC/Global.asax.cs:44 ; eShopLegacyMVCSolution/src/eShopLegacyMVC/Views/Shared/_Layout.cshtml:35,Session values must be serializable and stored out of process to scale horizontally; ASP.NET Core session stores bytes/strings only.,Minimise session; store in distributed session (ElastiCache) with JSON serialization.,Distributed session on ElastiCache,,,
F-115,eshopmodernizing:STATE-SESSION:eshoplegacywebformssolution-src-eshoplegacywebforms-eshoplegacywebforms-csproj,eshopmodernizing,eShopLegacyWebForms,eShopLegacyWebFormsSolution/src/eShopLegacyWebForms/eShopLegacyWebForms.csproj,state-scale,STATE-SESSION,Session usage in code,Medium,Confirmed,3,eShopLegacyWebFormsSolution/src/eShopLegacyWebForms/Global.asax.cs:43 ; eShopLegacyWebFormsSolution/src/eShopLegacyWebForms/Global.asax.cs:44 ; eShopLegacyWebFormsSolution/src/eShopLegacyWebForms/Site.Master.cs:17,Session values must be serializable and stored out of process to scale horizontally; ASP.NET Core session stores bytes/strings only.,Minimise session; store in distributed session (ElastiCache) with JSON serialization.,Distributed session on ElastiCache,,,
F-116,eshopmodernizing:STATE-SESSION:eshopmodernizedmvcsolution-src-eshopmodernizedmvc-eshopmodernizedmvc-csproj,eshopmodernizing,eShopModernizedMVC,eShopModernizedMVCSolution/src/eShopModernizedMVC/eShopModernizedMVC.csproj,state-scale,STATE-SESSION,Session usage in code,Medium,Confirmed,3,eShopModernizedMVCSolution/src/eShopModernizedMVC/Global.asax.cs:42 ; eShopModernizedMVCSolution/src/eShopModernizedMVC/Global.asax.cs:43 ; eShopModernizedMVCSolution/src/eShopModernizedMVC/Views/Shared/_Layout.cshtml:39,Session values must be serializable and stored out of process to scale horizontally; ASP.NET Core session stores bytes/strings only.,Minimise session; store in distributed session (ElastiCache) with JSON serialization.,Distributed session on ElastiCache,,,
F-117,eshopmodernizing:STATE-SESSION:eshopmodernizedwebformssolution-src-eshopmodernizedwebforms-eshopmodernizedwebforms-csproj,eshopmodernizing,eShopModernizedWebForms,eShopModernizedWebFormsSolution/src/eShopModernizedWebForms/eShopModernizedWebForms.csproj,state-scale,STATE-SESSION,Session usage in code,Medium,Confirmed,3,eShopModernizedWebFormsSolution/src/eShopModernizedWebForms/Global.asax.cs:47 ; eShopModernizedWebFormsSolution/src/eShopModernizedWebForms/Global.asax.cs:48 ; eShopModernizedWebFormsSolution/src/eShopModernizedWebForms/Site.Master.cs:21,Session values must be serializable and stored out of process to scale horizontally; ASP.NET Core session stores bytes/strings only.,Minimise session; store in distributed session (ElastiCache) with JSON serialization.,Distributed session on ElastiCache,,,
F-118,eshopmodernizing:TZ-LOCAL-TIME:eshoplegacyntier-src-eshopwinforms-eshopwinforms-csproj,eshopmodernizing,eShopWinForms,eShopLegacyNTier/src/eShopWinForms/eShopWinForms.csproj,time-culture,TZ-LOCAL-TIME,Server-local time (DateTime.Now / Today),Medium,Confirmed,2,eShopLegacyNTier/src/eShopWinForms/Controllers/CatalogController.cs:63 ; eShopLegacyNTier/src/eShopWinForms/Controllers/CatalogController.cs:80,"AWS hosts and containers run in UTC; logic that relied on the on-prem server's local time zone shifts (cut-offs, reports, schedules).","Decide the business time zone explicitly; use DateTime.UtcNow / TimeProvider and convert at the edges, or set TZ deliberately.",TimeProvider + explicit business time zone,"Which time zone are the current servers set to, and which business rules depend on it?",confirmed,"Business rule: the desktop client sends the user's local date to CatalogService.GetDiscount (CatalogController.cs:63, CatalogService.svc.cs:28-30), which compares dates only. Unaffected by AWS UTC hosts because the date is taken on the user's machine; keep it date-only when the service moves."
F-119,eshopmodernizing:TZ-LOCAL-TIME:eshopmodernizedntier-src-eshopwinforms-eshopwinforms-csproj,eshopmodernizing,eShopWinForms,eShopModernizedNTier/src/eShopWinForms/eShopWinForms.csproj,time-culture,TZ-LOCAL-TIME,Server-local time (DateTime.Now / Today),Medium,Confirmed,2,eShopModernizedNTier/src/eShopWinForms/Controllers/CatalogController.cs:63 ; eShopModernizedNTier/src/eShopWinForms/Controllers/CatalogController.cs:80,"AWS hosts and containers run in UTC; logic that relied on the on-prem server's local time zone shifts (cut-offs, reports, schedules).","Decide the business time zone explicitly; use DateTime.UtcNow / TimeProvider and convert at the edges, or set TZ deliberately.",TimeProvider + explicit business time zone,"Which time zone are the current servers set to, and which business rules depend on it?",confirmed,Same discount-date rule as the legacy client (CatalogController.cs:63).
F-120,eshopmodernizing:WEB-GLOBAL-ASAX:eshoplegacymvcsolution-src-eshoplegacymvc-eshoplegacymvc-csproj,eshopmodernizing,eShopLegacyMVC,eShopLegacyMVCSolution/src/eShopLegacyMVC/eShopLegacyMVC.csproj,web-platform,WEB-GLOBAL-ASAX,Global.asax application events,Medium,Confirmed,3,eShopLegacyMVCSolution/src/eShopLegacyMVC/Global.asax.cs:27 ; eShopLegacyMVCSolution/src/eShopLegacyMVC/Global.asax.cs:41 ; eShopLegacyMVCSolution/src/eShopLegacyMVC/Global.asax.cs:47,Application/session events become Program.cs startup and middleware in ASP.NET Core.,"Move logic to Program.cs, middleware and IHostApplicationLifetime.",Middleware / hosted services,,,
F-121,eshopmodernizing:WEB-GLOBAL-ASAX:eshoplegacywebformssolution-src-eshoplegacywebforms-eshoplegacywebforms-csproj,eshopmodernizing,eShopLegacyWebForms,eShopLegacyWebFormsSolution/src/eShopLegacyWebForms/eShopLegacyWebForms.csproj,web-platform,WEB-GLOBAL-ASAX,Global.asax application events,Medium,Confirmed,4,eShopLegacyWebFormsSolution/src/eShopLegacyWebForms/Global.asax.cs:29 ; eShopLegacyWebFormsSolution/src/eShopLegacyWebForms/Global.asax.cs:41 ; eShopLegacyWebFormsSolution/src/eShopLegacyWebForms/Global.asax.cs:69 ; eShopLegacyWebFormsSolution/src/eShopLegacyWebForms/Global.asax.cs:76,Application/session events become Program.cs startup and middleware in ASP.NET Core.,"Move logic to Program.cs, middleware and IHostApplicationLifetime.",Middleware / hosted services,,,
F-122,eshopmodernizing:WEB-GLOBAL-ASAX:eshopmodernizedmvcsolution-src-eshopmodernizedmvc-eshopmodernizedmvc-csproj,eshopmodernizing,eShopModernizedMVC,eShopModernizedMVCSolution/src/eShopModernizedMVC/eShopModernizedMVC.csproj,web-platform,WEB-GLOBAL-ASAX,Global.asax application events,Medium,Confirmed,4,eShopModernizedMVCSolution/src/eShopModernizedMVC/Global.asax.cs:25 ; eShopModernizedMVCSolution/src/eShopModernizedMVC/Global.asax.cs:40 ; eShopModernizedMVCSolution/src/eShopModernizedMVC/Global.asax.cs:62 ; eShopModernizedMVCSolution/src/eShopModernizedMVC/Global.asax.cs:69,Application/session events become Program.cs startup and middleware in ASP.NET Core.,"Move logic to Program.cs, middleware and IHostApplicationLifetime.",Middleware / hosted services,,,
F-123,eshopmodernizing:WEB-GLOBAL-ASAX:eshopmodernizedwebformssolution-src-eshopmodernizedwebforms-eshopmodernizedwebforms-csproj,eshopmodernizing,eShopModernizedWebForms,eShopModernizedWebFormsSolution/src/eShopModernizedWebForms/eShopModernizedWebForms.csproj,web-platform,WEB-GLOBAL-ASAX,Global.asax application events,Medium,Confirmed,6,eShopModernizedWebFormsSolution/src/eShopModernizedWebForms/Global.asax.cs:30 ; eShopModernizedWebFormsSolution/src/eShopModernizedWebForms/Global.asax.cs:39 ; eShopModernizedWebFormsSolution/src/eShopModernizedWebForms/Global.asax.cs:45 ; eShopModernizedWebFormsSolution/src/eShopModernizedWebForms/Global.asax.cs:51 ; eShopModernizedWebFormsSolution/src/eShopModernizedWebForms/Global.asax.cs:57 ; eShopModernizedWebFormsSolution/src/eShopModernizedWebForms/Global.asax.cs:67,Application/session events become Program.cs startup and middleware in ASP.NET Core.,"Move logic to Program.cs, middleware and IHostApplicationLifetime.",Middleware / hosted services,,,
F-124,eshopmodernizing:WEB-OWIN:eshopmodernizedmvcsolution-src-eshopmodernizedmvc-eshopmodernizedmvc-csproj,eshopmodernizing,eShopModernizedMVC,eShopModernizedMVCSolution/src/eShopModernizedMVC/eShopModernizedMVC.csproj,web-platform,WEB-OWIN,OWIN / Katana pipeline,Medium,Confirmed,16,eShopModernizedMVCSolution/src/eShopModernizedMVC/packages.config:60 ; eShopModernizedMVCSolution/src/eShopModernizedMVC/packages.config:61 ; eShopModernizedMVCSolution/src/eShopModernizedMVC/packages.config:62 ; eShopModernizedMVCSolution/src/eShopModernizedMVC/packages.config:63 ; eShopModernizedMVCSolution/src/eShopModernizedMVC/packages.config:64 ; eShopModernizedMVCSolution/src/eShopModernizedMVC/Startup.cs:2 ; eShopModernizedMVCSolution/src/eShopModernizedMVC/Startup.cs:5 ; eShopModernizedMVCSolution/src/eShopModernizedMVC/Startup.cs:11 ; eShopModernizedMVCSolution/src/eShopModernizedMVC/App_Start/Startup.Auth.cs:19 ; eShopModernizedMVCSolution/src/eShopModernizedMVC/App_Start/Startup.Auth.cs:20 ; eShopModernizedMVCSolution/src/eShopModernizedMVC/App_Start/Startup.Auth.cs:21 ; eShopModernizedMVCSolution/src/eShopModernizedMVC/App_Start/Startup.Auth.cs:42 ; eShopModernizedMVCSolution/src/eShopModernizedMVC/Controllers/AccountController.cs:2 ; eShopModernizedMVCSolution/src/eShopModernizedMVC/Controllers/AccountController.cs:3 ; eShopModernizedMVCSolution/src/eShopModernizedMVC/Controllers/AccountController.cs:4 ; eShopModernizedMVCSolution/src/eShopModernizedMVC/Middleware/AuthenticationMiddleware.cs:3,OWIN middleware (often authentication) must be rebuilt on the ASP.NET Core pipeline.,"Replace Katana middleware with ASP.NET Core equivalents (authentication handlers, CORS, static files).",ASP.NET Core authentication/middleware,,,
F-125,eshopmodernizing:WEB-OWIN:eshopmodernizedwebformssolution-src-eshopmodernizedwebforms-eshopmodernizedwebforms-csproj,eshopmodernizing,eShopModernizedWebForms,eShopModernizedWebFormsSolution/src/eShopModernizedWebForms/eShopModernizedWebForms.csproj,web-platform,WEB-OWIN,OWIN / Katana pipeline,Medium,Confirmed,22,eShopModernizedWebFormsSolution/src/eShopModernizedWebForms/packages.config:61 ; eShopModernizedWebFormsSolution/src/eShopModernizedWebForms/packages.config:62 ; eShopModernizedWebFormsSolution/src/eShopModernizedWebForms/packages.config:63 ; eShopModernizedWebFormsSolution/src/eShopModernizedWebForms/packages.config:64 ; eShopModernizedWebFormsSolution/src/eShopModernizedWebForms/packages.config:65 ; eShopModernizedWebFormsSolution/src/eShopModernizedWebForms/Site.Master.cs:1 ; eShopModernizedWebFormsSolution/src/eShopModernizedWebForms/Site.Master.cs:2 ; eShopModernizedWebFormsSolution/src/eShopModernizedWebForms/Site.Master.cs:3 ; eShopModernizedWebFormsSolution/src/eShopModernizedWebForms/Startup.cs:2 ; eShopModernizedWebFormsSolution/src/eShopModernizedWebForms/Startup.cs:5 ; eShopModernizedWebFormsSolution/src/eShopModernizedWebForms/Startup.cs:11 ; eShopModernizedWebFormsSolution/src/eShopModernizedWebForms/App_Start/Startup.Auth.cs:1 ; eShopModernizedWebFormsSolution/src/eShopModernizedWebForms/App_Start/Startup.Auth.cs:2 ; eShopModernizedWebFormsSolution/src/eShopModernizedWebForms/App_Start/Startup.Auth.cs:3 ; eShopModernizedWebFormsSolution/src/eShopModernizedWebForms/App_Start/Startup.Auth.cs:25 ; eShopModernizedWebFormsSolution/src/eShopModernizedWebForms/Catalog/Create.aspx.cs:4 ; eShopModernizedWebFormsSolution/src/eShopModernizedWebForms/Catalog/Create.aspx.cs:5 ; eShopModernizedWebFormsSolution/src/eShopModernizedWebForms/Catalog/Delete.aspx.cs:4 ; eShopModernizedWebFormsSolution/src/eShopModernizedWebForms/Catalog/Delete.aspx.cs:5 ; eShopModernizedWebFormsSolution/src/eShopModernizedWebForms/Catalog/Edit.aspx.cs:4 ; eShopModernizedWebFormsSolution/src/eShopModernizedWebForms/Catalog/Edit.aspx.cs:5 ; eShopModernizedWebFormsSolution/src/eShopModernizedWebForms/Middleware/AuthenticationMiddleware.cs:1,OWIN middleware (often authentication) must be rebuilt on the ASP.NET Core pipeline.,"Replace Katana middleware with ASP.NET Core equivalents (authentication handlers, CORS, static files).",ASP.NET Core authentication/middleware,,,
F-126,eshopmodernizing:BUILD-SCRIPTS:repository,eshopmodernizing,,(repository),build-delivery,BUILD-SCRIPTS,Windows scripts (.ps1/.bat/.cmd/.vbs): 11 file(s),Low,Confirmed,11,ServiceFabric/ServiceFabric-ARM-Templates-Scripts/pro-eshop-sfwin-cluster-ARM-SECURED-tests/deploy.ps1:1 ; ServiceFabric/ServiceFabric-ARM-Templates-Scripts/pro-eshop-sfwin-cluster-ARM-template-SECURED-NOFUNCI/deploy.ps1:1 ; ServiceFabric/eShopModernizedMVC-ServiceFabricApp/Scripts/Deploy-FabricApplication.ps1:1 ; ServiceFabric/eShopModernizedSQL_ServiceFabricApp/Scripts/Deploy-FabricApplication.ps1:1 ; ServiceFabric/eShopModernizedWebForms-ServiceApp/Scripts/Deploy-FabricApplication.ps1:1 ; Setup/environment.ps1:1 ; Setup/setup.ps1:1 ; Setup/verify.ps1:1 ; VM/DockerCerts-Generation/CreateDockerCerts.ps1:1 ; build.cmd:1 ; eShopLegacyMVCSolution/Convert-ToPackageReference.ps1:1,Batch/VBScript do not run on Linux; Windows PowerShell scripts may use Windows-only modules (PowerShell 7 runs on Linux).,Review each script; port to pwsh 7 or bash; move deployment logic into CI/CD.,PowerShell 7 / CodeBuild,,,
F-127,eshopmodernizing:INV-PACKAGES-CONFIG:eshoplegacymvcsolution-src-eshoplegacymvc-eshoplegacymvc-csproj,eshopmodernizing,eShopLegacyMVC,eShopLegacyMVCSolution/src/eShopLegacyMVC/eShopLegacyMVC.csproj,build-delivery,INV-PACKAGES-CONFIG,packages.config package management,Low,Confirmed,1,eShopLegacyMVCSolution/src/eShopLegacyMVC/packages.config:1,packages.config is not supported by SDK-style projects.,Migrate to PackageReference.,PackageReference,,,
F-128,eshopmodernizing:INV-PACKAGES-CONFIG:eshoplegacyntier-src-eshopwcfservice-eshopwcfservice-csproj,eshopmodernizing,eShopWCFService,eShopLegacyNTier/src/eShopWCFService/eShopWCFService.csproj,build-delivery,INV-PACKAGES-CONFIG,packages.config package management,Low,Confirmed,1,eShopLegacyNTier/src/eShopWCFService/packages.config:1,packages.config is not supported by SDK-style projects.,Migrate to PackageReference.,PackageReference,,,
F-129,eshopmodernizing:INV-PACKAGES-CONFIG:eshoplegacyntier-src-eshopwinforms-eshopwinforms-csproj,eshopmodernizing,eShopWinForms,eShopLegacyNTier/src/eShopWinForms/eShopWinForms.csproj,build-delivery,INV-PACKAGES-CONFIG,packages.config package management,Low,Confirmed,1,eShopLegacyNTier/src/eShopWinForms/packages.config:1,packages.config is not supported by SDK-style projects.,Migrate to PackageReference.,PackageReference,,,
F-130,eshopmodernizing:INV-PACKAGES-CONFIG:eshoplegacywebformssolution-src-eshoplegacywebforms-eshoplegacywebforms-csproj,eshopmodernizing,eShopLegacyWebForms,eShopLegacyWebFormsSolution/src/eShopLegacyWebForms/eShopLegacyWebForms.csproj,build-delivery,INV-PACKAGES-CONFIG,packages.config package management,Low,Confirmed,1,eShopLegacyWebFormsSolution/src/eShopLegacyWebForms/packages.config:1,packages.config is not supported by SDK-style projects.,Migrate to PackageReference.,PackageReference,,,
F-131,eshopmodernizing:INV-PACKAGES-CONFIG:eshopmodernizedmvcsolution-src-eshopmodernizedmvc-eshopmodernizedmvc-csproj,eshopmodernizing,eShopModernizedMVC,eShopModernizedMVCSolution/src/eShopModernizedMVC/eShopModernizedMVC.csproj,build-delivery,INV-PACKAGES-CONFIG,packages.config package management,Low,Confirmed,1,eShopModernizedMVCSolution/src/eShopModernizedMVC/packages.config:1,packages.config is not supported by SDK-style projects.,Migrate to PackageReference.,PackageReference,,,
F-132,eshopmodernizing:INV-PACKAGES-CONFIG:eshopmodernizedntier-src-eshopwcfservice-eshopwcfservice-csproj,eshopmodernizing,eShopWCFService,eShopModernizedNTier/src/eShopWCFService/eShopWCFService.csproj,build-delivery,INV-PACKAGES-CONFIG,packages.config package management,Low,Confirmed,1,eShopModernizedNTier/src/eShopWCFService/packages.config:1,packages.config is not supported by SDK-style projects.,Migrate to PackageReference.,PackageReference,,,
F-133,eshopmodernizing:INV-PACKAGES-CONFIG:eshopmodernizedwebformssolution-src-eshopmodernizedwebforms-eshopmodernizedwebforms-csproj,eshopmodernizing,eShopModernizedWebForms,eShopModernizedWebFormsSolution/src/eShopModernizedWebForms/eShopModernizedWebForms.csproj,build-delivery,INV-PACKAGES-CONFIG,packages.config package management,Low,Confirmed,1,eShopModernizedWebFormsSolution/src/eShopModernizedWebForms/packages.config:1,packages.config is not supported by SDK-style projects.,Migrate to PackageReference.,PackageReference,,,
F-134,eshopmodernizing:CFG-DEV-DATABASE:eshoplegacymvcsolution-eshopported-eshopported-csproj,eshopmodernizing,eShopPorted,eShopLegacyMVCSolution/eShopPorted/eShopPorted.csproj,configuration-secrets,CFG-DEV-DATABASE,Connection strings point at a developer database (LocalDB / SQL Express),Low,Confirmed,1,eShopLegacyMVCSolution/eShopPorted/appsettings.json:3,"The repository only holds developer connection strings; production server, database and authentication mode are configured outside the code.","Obtain the production connection configuration (names, servers, auth mode) from the client; move it to Parameter Store / Secrets Manager.",,"Where are production connection strings configured (IIS, transforms, deployment tool), and do they use Windows or SQL authentication?",,
F-135,eshopmodernizing:CFG-DEV-DATABASE:eshoplegacymvcsolution-src-eshoplegacymvc-eshoplegacymvc-csproj,eshopmodernizing,eShopLegacyMVC,eShopLegacyMVCSolution/src/eShopLegacyMVC/eShopLegacyMVC.csproj,configuration-secrets,CFG-DEV-DATABASE,Connection strings point at a developer database (LocalDB / SQL Express),Low,Confirmed,1,eShopLegacyMVCSolution/src/eShopLegacyMVC/Web.config:12,"The repository only holds developer connection strings; production server, database and authentication mode are configured outside the code.","Obtain the production connection configuration (names, servers, auth mode) from the client; move it to Parameter Store / Secrets Manager.",,"Where are production connection strings configured (IIS, transforms, deployment tool), and do they use Windows or SQL authentication?",,
F-136,eshopmodernizing:CFG-DEV-DATABASE:eshoplegacywebformssolution-src-eshoplegacywebforms-eshoplegacywebforms-csproj,eshopmodernizing,eShopLegacyWebForms,eShopLegacyWebFormsSolution/src/eShopLegacyWebForms/eShopLegacyWebForms.csproj,configuration-secrets,CFG-DEV-DATABASE,Connection strings point at a developer database (LocalDB / SQL Express),Low,Confirmed,1,eShopLegacyWebFormsSolution/src/eShopLegacyWebForms/Web.config:12,"The repository only holds developer connection strings; production server, database and authentication mode are configured outside the code.","Obtain the production connection configuration (names, servers, auth mode) from the client; move it to Parameter Store / Secrets Manager.",,"Where are production connection strings configured (IIS, transforms, deployment tool), and do they use Windows or SQL authentication?",,
F-137,eshopmodernizing:CFG-DEV-DATABASE:eshopmodernizedmvcsolution-src-eshopmodernizedmvc-eshopmodernizedmvc-csproj,eshopmodernizing,eShopModernizedMVC,eShopModernizedMVCSolution/src/eShopModernizedMVC/eShopModernizedMVC.csproj,configuration-secrets,CFG-DEV-DATABASE,Connection strings point at a developer database (LocalDB / SQL Express),Low,Confirmed,1,eShopModernizedMVCSolution/src/eShopModernizedMVC/Web.config:26,"The repository only holds developer connection strings; production server, database and authentication mode are configured outside the code.","Obtain the production connection configuration (names, servers, auth mode) from the client; move it to Parameter Store / Secrets Manager.",,"Where are production connection strings configured (IIS, transforms, deployment tool), and do they use Windows or SQL authentication?",,
F-138,eshopmodernizing:CFG-TRANSFORMS:eshoplegacymvcsolution-src-eshoplegacymvc-eshoplegacymvc-csproj,eshopmodernizing,eShopLegacyMVC,eShopLegacyMVCSolution/src/eShopLegacyMVC/eShopLegacyMVC.csproj,configuration-secrets,CFG-TRANSFORMS,web.config / app.config transforms,Low,Confirmed,2,eShopLegacyMVCSolution/src/eShopLegacyMVC/Web.Debug.config:5 ; eShopLegacyMVCSolution/src/eShopLegacyMVC/Web.Release.config:5,Per-environment transforms become appsettings.{Environment}.json + environment variables.,Map each transform to environment configuration and Parameter Store paths.,appsettings.{env}.json + Parameter Store,,,
F-139,eshopmodernizing:CFG-TRANSFORMS:eshoplegacyntier-src-eshopwcfservice-eshopwcfservice-csproj,eshopmodernizing,eShopWCFService,eShopLegacyNTier/src/eShopWCFService/eShopWCFService.csproj,configuration-secrets,CFG-TRANSFORMS,web.config / app.config transforms,Low,Confirmed,2,eShopLegacyNTier/src/eShopWCFService/Web.Debug.config:5 ; eShopLegacyNTier/src/eShopWCFService/Web.Release.config:5,Per-environment transforms become appsettings.{Environment}.json + environment variables.,Map each transform to environment configuration and Parameter Store paths.,appsettings.{env}.json + Parameter Store,,,
F-140,eshopmodernizing:CFG-TRANSFORMS:eshoplegacywebformssolution-src-eshoplegacywebforms-eshoplegacywebforms-csproj,eshopmodernizing,eShopLegacyWebForms,eShopLegacyWebFormsSolution/src/eShopLegacyWebForms/eShopLegacyWebForms.csproj,configuration-secrets,CFG-TRANSFORMS,web.config / app.config transforms,Low,Confirmed,2,eShopLegacyWebFormsSolution/src/eShopLegacyWebForms/Web.Debug.config:5 ; eShopLegacyWebFormsSolution/src/eShopLegacyWebForms/Web.Release.config:5,Per-environment transforms become appsettings.{Environment}.json + environment variables.,Map each transform to environment configuration and Parameter Store paths.,appsettings.{env}.json + Parameter Store,,,
F-141,eshopmodernizing:CFG-TRANSFORMS:eshopmodernizedmvcsolution-src-eshopmodernizedmvc-eshopmodernizedmvc-csproj,eshopmodernizing,eShopModernizedMVC,eShopModernizedMVCSolution/src/eShopModernizedMVC/eShopModernizedMVC.csproj,configuration-secrets,CFG-TRANSFORMS,web.config / app.config transforms,Low,Confirmed,2,eShopModernizedMVCSolution/src/eShopModernizedMVC/Web.Debug.config:5 ; eShopModernizedMVCSolution/src/eShopModernizedMVC/Web.Release.config:5,Per-environment transforms become appsettings.{Environment}.json + environment variables.,Map each transform to environment configuration and Parameter Store paths.,appsettings.{env}.json + Parameter Store,,,
F-142,eshopmodernizing:CFG-TRANSFORMS:eshopmodernizedntier-src-eshopwcfservice-eshopwcfservice-csproj,eshopmodernizing,eShopWCFService,eShopModernizedNTier/src/eShopWCFService/eShopWCFService.csproj,configuration-secrets,CFG-TRANSFORMS,web.config / app.config transforms,Low,Confirmed,2,eShopModernizedNTier/src/eShopWCFService/Web.Debug.config:5 ; eShopModernizedNTier/src/eShopWCFService/Web.Release.config:5,Per-environment transforms become appsettings.{Environment}.json + environment variables.,Map each transform to environment configuration and Parameter Store paths.,appsettings.{env}.json + Parameter Store,,,
F-143,eshopmodernizing:CFG-TRANSFORMS:eshopmodernizedwebformssolution-src-eshopmodernizedwebforms-eshopmodernizedwebforms-csproj,eshopmodernizing,eShopModernizedWebForms,eShopModernizedWebFormsSolution/src/eShopModernizedWebForms/eShopModernizedWebForms.csproj,configuration-secrets,CFG-TRANSFORMS,web.config / app.config transforms,Low,Confirmed,2,eShopModernizedWebFormsSolution/src/eShopModernizedWebForms/Web.Debug.config:5 ; eShopModernizedWebFormsSolution/src/eShopModernizedWebForms/Web.Release.config:5,Per-environment transforms become appsettings.{Environment}.json + environment variables.,Map each transform to environment configuration and Parameter Store paths.,appsettings.{env}.json + Parameter Store,,,
F-144,eshopmodernizing:DATA-EF6:eshoplegacymvcsolution-src-eshoplegacymvc-eshoplegacymvc-csproj,eshopmodernizing,eShopLegacyMVC,eShopLegacyMVCSolution/src/eShopLegacyMVC/eShopLegacyMVC.csproj,data-access,DATA-EF6,Entity Framework 6,Low,Confirmed,4,eShopLegacyMVCSolution/src/eShopLegacyMVC/Global.asax.cs:10 ; eShopLegacyMVCSolution/src/eShopLegacyMVC/Models/CatalogDBContext.cs:3 ; eShopLegacyMVCSolution/src/eShopLegacyMVC/Models/Infrastructure/CatalogDBInitializer.cs:4 ; eShopLegacyMVCSolution/src/eShopLegacyMVC/Services/CatalogService.cs:3,EF6 works on .NET 10 but is in maintenance; EF Core is the strategic ORM (and AWS Transform can port EF code).,Keep EF 6.5 for the first move; plan EF Core as a follow-up.,EF Core 10,,,
F-145,eshopmodernizing:DATA-EF6:eshoplegacyntier-src-eshopwcfservice-eshopwcfservice-csproj,eshopmodernizing,eShopWCFService,eShopLegacyNTier/src/eShopWCFService/eShopWCFService.csproj,data-access,DATA-EF6,Entity Framework 6,Low,Confirmed,3,eShopLegacyNTier/src/eShopWCFService/CatalogService.svc.cs:4 ; eShopLegacyNTier/src/eShopWCFService/EntityModel.cs:2 ; eShopLegacyNTier/src/eShopWCFService/Models/Infrastructure/CatalogDBInitializer.cs:5,EF6 works on .NET 10 but is in maintenance; EF Core is the strategic ORM (and AWS Transform can port EF code).,Keep EF 6.5 for the first move; plan EF Core as a follow-up.,EF Core 10,,,
F-146,eshopmodernizing:DATA-EF6:eshoplegacywebformssolution-src-eshoplegacywebforms-eshoplegacywebforms-csproj,eshopmodernizing,eShopLegacyWebForms,eShopLegacyWebFormsSolution/src/eShopLegacyWebForms/eShopLegacyWebForms.csproj,data-access,DATA-EF6,Entity Framework 6,Low,Confirmed,4,eShopLegacyWebFormsSolution/src/eShopLegacyWebForms/Global.asax.cs:9 ; eShopLegacyWebFormsSolution/src/eShopLegacyWebForms/Models/CatalogDBContext.cs:3 ; eShopLegacyWebFormsSolution/src/eShopLegacyWebForms/Models/Infrastructure/CatalogDBInitializer.cs:4 ; eShopLegacyWebFormsSolution/src/eShopLegacyWebForms/Services/CatalogService.cs:4,EF6 works on .NET 10 but is in maintenance; EF Core is the strategic ORM (and AWS Transform can port EF code).,Keep EF 6.5 for the first move; plan EF Core as a follow-up.,EF Core 10,,,
F-147,eshopmodernizing:DATA-EF6:eshopmodernizedmvcsolution-src-eshopmodernizedmvc-eshopmodernizedmvc-csproj,eshopmodernizing,eShopModernizedMVC,eShopModernizedMVCSolution/src/eShopModernizedMVC/eShopModernizedMVC.csproj,data-access,DATA-EF6,Entity Framework 6,Low,Confirmed,4,eShopModernizedMVCSolution/src/eShopModernizedMVC/Global.asax.cs:10 ; eShopModernizedMVCSolution/src/eShopModernizedMVC/Models/CatalogDBContext.cs:2 ; eShopModernizedMVCSolution/src/eShopModernizedMVC/Models/Infrastructure/CatalogDBInitializer.cs:3 ; eShopModernizedMVCSolution/src/eShopModernizedMVC/Services/CatalogService.cs:3,EF6 works on .NET 10 but is in maintenance; EF Core is the strategic ORM (and AWS Transform can port EF code).,Keep EF 6.5 for the first move; plan EF Core as a follow-up.,EF Core 10,,,
F-148,eshopmodernizing:DATA-EF6:eshopmodernizedntier-src-eshopwcfservice-eshopwcfservice-csproj,eshopmodernizing,eShopWCFService,eShopModernizedNTier/src/eShopWCFService/eShopWCFService.csproj,data-access,DATA-EF6,Entity Framework 6,Low,Confirmed,3,eShopModernizedNTier/src/eShopWCFService/CatalogService.svc.cs:4 ; eShopModernizedNTier/src/eShopWCFService/EntityModel.cs:2 ; eShopModernizedNTier/src/eShopWCFService/Models/Infrastructure/CatalogDBInitializer.cs:5,EF6 works on .NET 10 but is in maintenance; EF Core is the strategic ORM (and AWS Transform can port EF code).,Keep EF 6.5 for the first move; plan EF Core as a follow-up.,EF Core 10,,,
F-149,eshopmodernizing:DATA-EF6:eshopmodernizedwebformssolution-src-eshopmodernizedwebforms-eshopmodernizedwebforms-csproj,eshopmodernizing,eShopModernizedWebForms,eShopModernizedWebFormsSolution/src/eShopModernizedWebForms/eShopModernizedWebForms.csproj,data-access,DATA-EF6,Entity Framework 6,Low,Confirmed,4,eShopModernizedWebFormsSolution/src/eShopModernizedWebForms/Global.asax.cs:10 ; eShopModernizedWebFormsSolution/src/eShopModernizedWebForms/Models/CatalogDBContext.cs:2 ; eShopModernizedWebFormsSolution/src/eShopModernizedWebForms/Models/Infrastructure/CatalogDBInitializer.cs:3 ; eShopModernizedWebFormsSolution/src/eShopModernizedWebForms/Services/CatalogService.cs:3,EF6 works on .NET 10 but is in maintenance; EF Core is the strategic ORM (and AWS Transform can port EF code).,Keep EF 6.5 for the first move; plan EF Core as a follow-up.,EF Core 10,,,
F-150,eshopmodernizing:DATA-SYSTEM-SQLCLIENT:eshoplegacywebformssolution-src-eshoplegacywebforms-eshoplegacywebforms-csproj,eshopmodernizing,eShopLegacyWebForms,eShopLegacyWebFormsSolution/src/eShopLegacyWebForms/eShopLegacyWebForms.csproj,data-access,DATA-SYSTEM-SQLCLIENT,System.Data.SqlClient,Low,Confirmed,1,eShopLegacyWebFormsSolution/src/eShopLegacyWebForms/Services/CatalogService.cs:5,System.Data.SqlClient is deprecated; Microsoft.Data.SqlClient is the supported provider (different TLS/Encrypt defaults).,Switch to Microsoft.Data.SqlClient; set Encrypt/TrustServerCertificate deliberately for RDS.,Microsoft.Data.SqlClient,,,
F-151,eshopmodernizing:DATA-SYSTEM-SQLCLIENT:eshopmodernizedmvcsolution-src-eshopmodernizedmvc-eshopmodernizedmvc-csproj,eshopmodernizing,eShopModernizedMVC,eShopModernizedMVCSolution/src/eShopModernizedMVC/eShopModernizedMVC.csproj,data-access,DATA-SYSTEM-SQLCLIENT,System.Data.SqlClient,Low,Confirmed,1,eShopModernizedMVCSolution/src/eShopModernizedMVC/App_Start/SqlAccessTokenProvider.cs:3,System.Data.SqlClient is deprecated; Microsoft.Data.SqlClient is the supported provider (different TLS/Encrypt defaults).,Switch to Microsoft.Data.SqlClient; set Encrypt/TrustServerCertificate deliberately for RDS.,Microsoft.Data.SqlClient,,,
F-152,eshopmodernizing:DATA-SYSTEM-SQLCLIENT:eshopmodernizedwebformssolution-src-eshopmodernizedwebforms-eshopmodernizedwebforms-csproj,eshopmodernizing,eShopModernizedWebForms,eShopModernizedWebFormsSolution/src/eShopModernizedWebForms/eShopModernizedWebForms.csproj,data-access,DATA-SYSTEM-SQLCLIENT,System.Data.SqlClient,Low,Confirmed,1,eShopModernizedWebFormsSolution/src/eShopModernizedWebForms/App_Start/SqlAccessTokenProvider.cs:3,System.Data.SqlClient is deprecated; Microsoft.Data.SqlClient is the supported provider (different TLS/Encrypt defaults).,Switch to Microsoft.Data.SqlClient; set Encrypt/TrustServerCertificate deliberately for RDS.,Microsoft.Data.SqlClient,,,
F-153,eshopmodernizing:FE-BUNDLING:eshoplegacymvcsolution-src-eshoplegacymvc-eshoplegacymvc-csproj,eshopmodernizing,eShopLegacyMVC,eShopLegacyMVCSolution/src/eShopLegacyMVC/eShopLegacyMVC.csproj,front-end,FE-BUNDLING,System.Web.Optimization bundling,Low,Confirmed,13,eShopLegacyMVCSolution/src/eShopLegacyMVC/Global.asax.cs:16 ; eShopLegacyMVCSolution/src/eShopLegacyMVC/App_Start/BundleConfig.cs:1 ; eShopLegacyMVCSolution/src/eShopLegacyMVC/App_Start/BundleConfig.cs:10 ; eShopLegacyMVCSolution/src/eShopLegacyMVC/App_Start/BundleConfig.cs:13 ; eShopLegacyMVCSolution/src/eShopLegacyMVC/App_Start/BundleConfig.cs:18 ; eShopLegacyMVCSolution/src/eShopLegacyMVC/App_Start/BundleConfig.cs:21 ; eShopLegacyMVCSolution/src/eShopLegacyMVC/App_Start/BundleConfig.cs:25 ; eShopLegacyMVCSolution/src/eShopLegacyMVC/Views/Catalog/Create.cshtml:103 ; eShopLegacyMVCSolution/src/eShopLegacyMVC/Views/Catalog/Edit.cshtml:104 ; eShopLegacyMVCSolution/src/eShopLegacyMVC/Views/Shared/_Layout.cshtml:7 ; eShopLegacyMVCSolution/src/eShopLegacyMVC/Views/Shared/_Layout.cshtml:8 ; eShopLegacyMVCSolution/src/eShopLegacyMVC/Views/Shared/_Layout.cshtml:43 ; eShopLegacyMVCSolution/src/eShopLegacyMVC/Views/Shared/_Layout.cshtml:44,Runtime bundling is not available in ASP.NET Core.,Bundle at build time (Vite/esbuild) or use WebOptimizer.,Vite / esbuild / LigerShark.WebOptimizer,,,
F-154,eshopmodernizing:FE-BUNDLING:eshoplegacywebformssolution-src-eshoplegacywebforms-eshoplegacywebforms-csproj,eshopmodernizing,eShopLegacyWebForms,eShopLegacyWebFormsSolution/src/eShopLegacyWebForms/eShopLegacyWebForms.csproj,front-end,FE-BUNDLING,System.Web.Optimization bundling,Low,Confirmed,7,eShopLegacyWebFormsSolution/src/eShopLegacyWebForms/Global.asax.cs:12 ; eShopLegacyWebFormsSolution/src/eShopLegacyWebForms/Site.Master:12 ; eShopLegacyWebFormsSolution/src/eShopLegacyWebForms/App_Start/BundleConfig.cs:1 ; eShopLegacyWebFormsSolution/src/eShopLegacyWebForms/App_Start/BundleConfig.cs:11 ; eShopLegacyWebFormsSolution/src/eShopLegacyWebForms/App_Start/BundleConfig.cs:22 ; eShopLegacyWebFormsSolution/src/eShopLegacyWebForms/App_Start/BundleConfig.cs:30 ; eShopLegacyWebFormsSolution/src/eShopLegacyWebForms/App_Start/BundleConfig.cs:33,Runtime bundling is not available in ASP.NET Core.,Bundle at build time (Vite/esbuild) or use WebOptimizer.,Vite / esbuild / LigerShark.WebOptimizer,,,
F-155,eshopmodernizing:FE-BUNDLING:eshopmodernizedmvcsolution-src-eshopmodernizedmvc-eshopmodernizedmvc-csproj,eshopmodernizing,eShopModernizedMVC,eShopModernizedMVCSolution/src/eShopModernizedMVC/eShopModernizedMVC.csproj,front-end,FE-BUNDLING,System.Web.Optimization bundling,Low,Confirmed,13,eShopModernizedMVCSolution/src/eShopModernizedMVC/Global.asax.cs:14 ; eShopModernizedMVCSolution/src/eShopModernizedMVC/App_Start/BundleConfig.cs:1 ; eShopModernizedMVCSolution/src/eShopModernizedMVC/App_Start/BundleConfig.cs:10 ; eShopModernizedMVCSolution/src/eShopModernizedMVC/App_Start/BundleConfig.cs:13 ; eShopModernizedMVCSolution/src/eShopModernizedMVC/App_Start/BundleConfig.cs:19 ; eShopModernizedMVCSolution/src/eShopModernizedMVC/App_Start/BundleConfig.cs:22 ; eShopModernizedMVCSolution/src/eShopModernizedMVC/App_Start/BundleConfig.cs:27 ; eShopModernizedMVCSolution/src/eShopModernizedMVC/Views/Catalog/Create.cshtml:124 ; eShopModernizedMVCSolution/src/eShopModernizedMVC/Views/Catalog/Edit.cshtml:126 ; eShopModernizedMVCSolution/src/eShopModernizedMVC/Views/Shared/_Layout.cshtml:7 ; eShopModernizedMVCSolution/src/eShopModernizedMVC/Views/Shared/_Layout.cshtml:8 ; eShopModernizedMVCSolution/src/eShopModernizedMVC/Views/Shared/_Layout.cshtml:46 ; eShopModernizedMVCSolution/src/eShopModernizedMVC/Views/Shared/_Layout.cshtml:47,Runtime bundling is not available in ASP.NET Core.,Bundle at build time (Vite/esbuild) or use WebOptimizer.,Vite / esbuild / LigerShark.WebOptimizer,,,
F-156,eshopmodernizing:FE-BUNDLING:eshopmodernizedwebformssolution-src-eshopmodernizedwebforms-eshopmodernizedwebforms-csproj,eshopmodernizing,eShopModernizedWebForms,eShopModernizedWebFormsSolution/src/eShopModernizedWebForms/eShopModernizedWebForms.csproj,front-end,FE-BUNDLING,System.Web.Optimization bundling,Low,Confirmed,7,eShopModernizedWebFormsSolution/src/eShopModernizedWebForms/Global.asax.cs:13 ; eShopModernizedWebFormsSolution/src/eShopModernizedWebForms/Site.Master:12 ; eShopModernizedWebFormsSolution/src/eShopModernizedWebForms/App_Start/BundleConfig.cs:1 ; eShopModernizedWebFormsSolution/src/eShopModernizedWebForms/App_Start/BundleConfig.cs:11 ; eShopModernizedWebFormsSolution/src/eShopModernizedWebForms/App_Start/BundleConfig.cs:23 ; eShopModernizedWebFormsSolution/src/eShopModernizedWebForms/App_Start/BundleConfig.cs:31 ; eShopModernizedWebFormsSolution/src/eShopModernizedWebForms/App_Start/BundleConfig.cs:34,Runtime bundling is not available in ASP.NET Core.,Bundle at build time (Vite/esbuild) or use WebOptimizer.,Vite / esbuild / LigerShark.WebOptimizer,,,
F-157,eshopmodernizing:HV-MACHINE-NAME:eshoplegacymvcsolution-src-eshoplegacymvc-eshoplegacymvc-csproj,eshopmodernizing,eShopLegacyMVC,eShopLegacyMVCSolution/src/eShopLegacyMVC/eShopLegacyMVC.csproj,hypervisor,HV-MACHINE-NAME,Logic keyed on machine name / host name,Low,Confirmed,1,eShopLegacyMVCSolution/src/eShopLegacyMVC/Global.asax.cs:43,"Host names change on AWS (auto scaling, containers); logic that switches on server name breaks.",Use explicit configuration/environment instead of host names.,Environment configuration,,adjusted,Machine name is only written to session in Session_Start (Global.asax.cs:43) for display/diagnostics; no logic branches on it. Behaviour on AWS: shows the container host name.
F-158,eshopmodernizing:HV-MACHINE-NAME:eshoplegacywebformssolution-src-eshoplegacywebforms-eshoplegacywebforms-csproj,eshopmodernizing,eShopLegacyWebForms,eShopLegacyWebFormsSolution/src/eShopLegacyWebForms/eShopLegacyWebForms.csproj,hypervisor,HV-MACHINE-NAME,Logic keyed on machine name / host name,Low,Confirmed,1,eShopLegacyWebFormsSolution/src/eShopLegacyWebForms/Global.asax.cs:43,"Host names change on AWS (auto scaling, containers); logic that switches on server name breaks.",Use explicit configuration/environment instead of host names.,Environment configuration,,adjusted,Diagnostic value stored in session only (Global.asax.cs:43).
F-159,eshopmodernizing:HV-MACHINE-NAME:eshopmodernizedmvcsolution-src-eshopmodernizedmvc-eshopmodernizedmvc-csproj,eshopmodernizing,eShopModernizedMVC,eShopModernizedMVCSolution/src/eShopModernizedMVC/eShopModernizedMVC.csproj,hypervisor,HV-MACHINE-NAME,Logic keyed on machine name / host name,Low,Confirmed,1,eShopModernizedMVCSolution/src/eShopModernizedMVC/Global.asax.cs:42,"Host names change on AWS (auto scaling, containers); logic that switches on server name breaks.",Use explicit configuration/environment instead of host names.,Environment configuration,,adjusted,Diagnostic value stored in session only (Global.asax.cs:42).
F-160,eshopmodernizing:HV-MACHINE-NAME:eshopmodernizedwebformssolution-src-eshopmodernizedwebforms-eshopmodernizedwebforms-csproj,eshopmodernizing,eShopModernizedWebForms,eShopModernizedWebFormsSolution/src/eShopModernizedWebForms/eShopModernizedWebForms.csproj,hypervisor,HV-MACHINE-NAME,Logic keyed on machine name / host name,Low,Confirmed,1,eShopModernizedWebFormsSolution/src/eShopModernizedWebForms/Global.asax.cs:47,"Host names change on AWS (auto scaling, containers); logic that switches on server name breaks.",Use explicit configuration/environment instead of host names.,Environment configuration,,adjusted,Diagnostic value stored in session only (Global.asax.cs:47).
F-161,eshopmodernizing:LOG-TRACE:eshopmodernizedmvcsolution-src-eshopmodernizedmvc-eshopmodernizedmvc-csproj,eshopmodernizing,eShopModernizedMVC,eShopModernizedMVCSolution/src/eShopModernizedMVC/eShopModernizedMVC.csproj,logging,LOG-TRACE,System.Diagnostics trace listeners,Low,Confirmed,2,eShopModernizedMVCSolution/src/eShopModernizedMVC/Web.config:287 ; eShopModernizedMVCSolution/src/eShopModernizedMVC/Web.config:288,Config-driven trace listeners are not loaded from config on .NET.,Replace with ILogger providers.,Microsoft.Extensions.Logging,,,
F-162,eshopmodernizing:LOG-TRACE:eshopmodernizedwebformssolution-src-eshopmodernizedwebforms-eshopmodernizedwebforms-csproj,eshopmodernizing,eShopModernizedWebForms,eShopModernizedWebFormsSolution/src/eShopModernizedWebForms/eShopModernizedWebForms.csproj,logging,LOG-TRACE,System.Diagnostics trace listeners,Low,Confirmed,2,eShopModernizedWebFormsSolution/src/eShopModernizedWebForms/Web.config:263 ; eShopModernizedWebFormsSolution/src/eShopModernizedWebForms/Web.config:264,Config-driven trace listeners are not loaded from config on .NET.,Replace with ILogger providers.,Microsoft.Extensions.Logging,,,
F-163,eshopmodernizing:PKG-autofac-mvc5:repository,eshopmodernizing,eShopPorted; eShopLegacyMVC; eShopModernizedMVC,(repository),packages,PKG-autofac-mvc5,Package Autofac.Mvc5 (replace),Low,Confirmed,3,eShopLegacyMVCSolution/eShopPorted/eShopPorted.csproj:10,DI integrations for System.Web.,Replace with: Microsoft.Extensions.DependencyInjection (or the container's ASP.NET Core integration; StructureMap -> Lamar),Microsoft.Extensions.DependencyInjection (or the container's ASP.NET Core integration; StructureMap -> Lamar),,,
F-164,eshopmodernizing:PKG-autofac-webapi2:repository,eshopmodernizing,eShopLegacyMVC,(repository),packages,PKG-autofac-webapi2,Package autofac.webapi2 (replace),Low,Confirmed,1,eShopLegacyMVCSolution/src/eShopLegacyMVC/eShopLegacyMVC.csproj:62,DI integrations for System.Web.,Replace with: Microsoft.Extensions.DependencyInjection (or the container's ASP.NET Core integration; StructureMap -> Lamar),Microsoft.Extensions.DependencyInjection (or the container's ASP.NET Core integration; StructureMap -> Lamar),,,
F-165,eshopmodernizing:PKG-bootstrap:repository,eshopmodernizing,eShopLegacyMVC; eShopLegacyWebForms; eShopModernizedMVC; eShopModernizedWebForms,(repository),packages,PKG-bootstrap,Package bootstrap (replace),Low,Confirmed,4,eShopLegacyMVCSolution/src/eShopLegacyMVC/eShopLegacyMVC.csproj:290,Client libraries delivered via NuGet (content packages).,Replace with: npm / LibMan / CDN,npm / LibMan / CDN,,,
F-166,eshopmodernizing:PKG-jquery:repository,eshopmodernizing,eShopLegacyMVC; eShopLegacyWebForms; eShopModernizedMVC; eShopModernizedWebForms,(repository),packages,PKG-jquery,Package jQuery (replace),Low,Confirmed,4,eShopLegacyMVCSolution/src/eShopLegacyMVC/eShopLegacyMVC.csproj:483,Client libraries delivered via NuGet (content packages).,Replace with: npm / LibMan / CDN,npm / LibMan / CDN,,,
F-167,eshopmodernizing:PKG-jquery-validation:repository,eshopmodernizing,eShopLegacyMVC; eShopModernizedMVC,(repository),packages,PKG-jquery-validation,Package jQuery.Validation (replace),Low,Confirmed,2,eShopLegacyMVCSolution/src/eShopLegacyMVC/eShopLegacyMVC.csproj:488,Client libraries delivered via NuGet (content packages).,Replace with: npm / LibMan / CDN,npm / LibMan / CDN,,,
F-168,eshopmodernizing:PKG-microsoft-applicationinsights-agent-intercept:repository,eshopmodernizing,eShopLegacyMVC; eShopLegacyWebForms; eShopModernizedMVC; eShopModernizedWebForms,(repository),packages,PKG-microsoft-applicationinsights-agent-intercept,Package Microsoft.ApplicationInsights.Agent.Intercept (replace),Low,Confirmed,4,eShopLegacyMVCSolution/src/eShopLegacyMVC/eShopLegacyMVC.csproj:72,Azure monitoring for System.Web/Windows.,Replace with: OpenTelemetry + CloudWatch / X-Ray (ADOT),OpenTelemetry + CloudWatch / X-Ray (ADOT),,,
F-169,eshopmodernizing:PKG-microsoft-applicationinsights-dependencycollector:repository,eshopmodernizing,eShopLegacyMVC; eShopLegacyWebForms; eShopModernizedMVC; eShopModernizedWebForms,(repository),packages,PKG-microsoft-applicationinsights-dependencycollector,Package Microsoft.ApplicationInsights.DependencyCollector (replace),Low,Confirmed,4,eShopLegacyMVCSolution/src/eShopLegacyMVC/eShopLegacyMVC.csproj:75,Azure monitoring for System.Web/Windows.,Replace with: OpenTelemetry + CloudWatch / X-Ray (ADOT),OpenTelemetry + CloudWatch / X-Ray (ADOT),,,
F-170,eshopmodernizing:PKG-microsoft-applicationinsights-perfcountercollector:repository,eshopmodernizing,eShopLegacyMVC; eShopLegacyWebForms; eShopModernizedMVC; eShopModernizedWebForms,(repository),packages,PKG-microsoft-applicationinsights-perfcountercollector,Package Microsoft.ApplicationInsights.PerfCounterCollector (replace),Low,Confirmed,4,eShopLegacyMVCSolution/src/eShopLegacyMVC/eShopLegacyMVC.csproj:78,Azure monitoring for System.Web/Windows.,Replace with: OpenTelemetry + CloudWatch / X-Ray (ADOT),OpenTelemetry + CloudWatch / X-Ray (ADOT),,,
F-171,eshopmodernizing:PKG-microsoft-applicationinsights-web:repository,eshopmodernizing,eShopLegacyMVC; eShopLegacyWebForms; eShopModernizedMVC; eShopModernizedWebForms,(repository),packages,PKG-microsoft-applicationinsights-web,Package Microsoft.ApplicationInsights.Web (replace),Low,Confirmed,4,eShopLegacyMVCSolution/src/eShopLegacyMVC/eShopLegacyMVC.csproj:84,Azure monitoring for System.Web/Windows.,Replace with: OpenTelemetry + CloudWatch / X-Ray (ADOT),OpenTelemetry + CloudWatch / X-Ray (ADOT),,,
F-172,eshopmodernizing:PKG-microsoft-applicationinsights-windowsserver:repository,eshopmodernizing,eShopLegacyMVC; eShopLegacyWebForms; eShopModernizedMVC; eShopModernizedWebForms,(repository),packages,PKG-microsoft-applicationinsights-windowsserver,Package Microsoft.ApplicationInsights.WindowsServer (replace),Low,Confirmed,4,eShopLegacyMVCSolution/src/eShopLegacyMVC/eShopLegacyMVC.csproj:81,Azure monitoring for System.Web/Windows.,Replace with: OpenTelemetry + CloudWatch / X-Ray (ADOT),OpenTelemetry + CloudWatch / X-Ray (ADOT),,,
F-173,eshopmodernizing:PKG-microsoft-applicationinsights-windowsserver-telemetrychannel:repository,eshopmodernizing,eShopLegacyMVC; eShopLegacyWebForms; eShopModernizedMVC; eShopModernizedWebForms,(repository),packages,PKG-microsoft-applicationinsights-windowsserver-telemetrychannel,Package Microsoft.ApplicationInsights.WindowsServer.TelemetryChannel (replace),Low,Confirmed,4,eShopLegacyMVCSolution/src/eShopLegacyMVC/eShopLegacyMVC.csproj:81,Azure monitoring for System.Web/Windows.,Replace with: OpenTelemetry + CloudWatch / X-Ray (ADOT),OpenTelemetry + CloudWatch / X-Ray (ADOT),,,
F-174,eshopmodernizing:PKG-microsoft-aspnet-sessionstate-sessionstatemodule:repository,eshopmodernizing,eShopLegacyMVC; eShopLegacyWebForms; eShopModernizedMVC; eShopModernizedWebForms,(repository),packages,PKG-microsoft-aspnet-sessionstate-sessionstatemodule,Package Microsoft.AspNet.SessionState.SessionStateModule (replace),Low,Confirmed,4,eShopLegacyMVCSolution/src/eShopLegacyMVC/eShopLegacyMVC.csproj:248,System.Web-specific helpers.,Replace with: ASP.NET Core built-ins / Microsoft.AspNetCore.OData,ASP.NET Core built-ins / Microsoft.AspNetCore.OData,,,
F-175,eshopmodernizing:PKG-microsoft-aspnet-telemetrycorrelation:repository,eshopmodernizing,eShopLegacyMVC; eShopLegacyWebForms; eShopModernizedMVC; eShopModernizedWebForms,(repository),packages,PKG-microsoft-aspnet-telemetrycorrelation,Package Microsoft.AspNet.TelemetryCorrelation (replace),Low,Confirmed,4,eShopLegacyMVCSolution/src/eShopLegacyMVC/eShopLegacyMVC.csproj:251,System.Web-specific helpers.,Replace with: ASP.NET Core built-ins / Microsoft.AspNetCore.OData,ASP.NET Core built-ins / Microsoft.AspNetCore.OData,,,
F-176,eshopmodernizing:PKG-microsoft-aspnet-web-optimization:repository,eshopmodernizing,eShopLegacyMVC; eShopLegacyWebForms; eShopModernizedMVC; eShopModernizedWebForms,(repository),packages,PKG-microsoft-aspnet-web-optimization,Package Microsoft.AspNet.Web.Optimization (replace),Low,Confirmed,4,eShopLegacyMVCSolution/src/eShopLegacyMVC/eShopLegacyMVC.csproj:209,System.Web bundling.,Replace with: Build-time bundling (Vite/esbuild) or LigerShark.WebOptimizer.Core,Build-time bundling (Vite/esbuild) or LigerShark.WebOptimizer.Core,,,
F-177,eshopmodernizing:PKG-microsoft-aspnet-web-optimization-webforms:repository,eshopmodernizing,eShopLegacyWebForms; eShopModernizedWebForms,(repository),packages,PKG-microsoft-aspnet-web-optimization-webforms,Package Microsoft.AspNet.Web.Optimization.WebForms (replace),Low,Confirmed,2,eShopLegacyWebFormsSolution/src/eShopLegacyWebForms/packages.config:26,System.Web bundling.,Replace with: Build-time bundling (Vite/esbuild) or LigerShark.WebOptimizer.Core,Build-time bundling (Vite/esbuild) or LigerShark.WebOptimizer.Core,,,
F-178,eshopmodernizing:PKG-microsoft-jquery-unobtrusive-validation:repository,eshopmodernizing,eShopLegacyMVC; eShopModernizedMVC,(repository),packages,PKG-microsoft-jquery-unobtrusive-validation,Package Microsoft.jQuery.Unobtrusive.Validation (replace),Low,Confirmed,2,eShopLegacyMVCSolution/src/eShopLegacyMVC/eShopLegacyMVC.csproj:543,Client libraries delivered via NuGet (content packages).,Replace with: npm / LibMan / CDN,npm / LibMan / CDN,,,
F-179,eshopmodernizing:PKG-modernizr:repository,eshopmodernizing,eShopLegacyMVC; eShopLegacyWebForms; eShopModernizedMVC; eShopModernizedWebForms,(repository),packages,PKG-modernizr,Package Modernizr (replace),Low,Confirmed,4,eShopLegacyMVCSolution/src/eShopLegacyMVC/eShopLegacyMVC.csproj:553,Client libraries delivered via NuGet (content packages).,Replace with: npm / LibMan / CDN,npm / LibMan / CDN,,,
F-180,eshopmodernizing:PKG-respond:repository,eshopmodernizing,eShopLegacyMVC; eShopLegacyWebForms; eShopModernizedMVC; eShopModernizedWebForms,(repository),packages,PKG-respond,Package Respond (replace),Low,Confirmed,4,eShopLegacyMVCSolution/src/eShopLegacyMVC/eShopLegacyMVC.csproj:563,Client libraries delivered via NuGet (content packages).,Replace with: npm / LibMan / CDN,npm / LibMan / CDN,,,
F-181,eshopmodernizing:SEC-CONFIG-HARDENING:eshoplegacymvcsolution-src-eshoplegacymvc-eshoplegacymvc-csproj,eshopmodernizing,eShopLegacyMVC,eShopLegacyMVCSolution/src/eShopLegacyMVC/eShopLegacyMVC.csproj,security,SEC-CONFIG-HARDENING,Insecure web.config settings,Low,Confirmed,1,eShopLegacyMVCSolution/src/eShopLegacyMVC/Web.config:31,"Debug builds, detailed errors and disabled request validation weaken the production posture.",Disable in production configuration; review input encoding where validation is off.,,,,
F-182,eshopmodernizing:SEC-CONFIG-HARDENING:eshoplegacyntier-src-eshopwcfservice-eshopwcfservice-csproj,eshopmodernizing,eShopWCFService,eShopLegacyNTier/src/eShopWCFService/eShopWCFService.csproj,security,SEC-CONFIG-HARDENING,Insecure web.config settings,Low,Confirmed,1,eShopLegacyNTier/src/eShopWCFService/Web.config:19,"Debug builds, detailed errors and disabled request validation weaken the production posture.",Disable in production configuration; review input encoding where validation is off.,,,,
F-183,eshopmodernizing:SEC-CONFIG-HARDENING:eshoplegacywebformssolution-src-eshoplegacywebforms-eshoplegacywebforms-csproj,eshopmodernizing,eShopLegacyWebForms,eShopLegacyWebFormsSolution/src/eShopLegacyWebForms/eShopLegacyWebForms.csproj,security,SEC-CONFIG-HARDENING,Insecure web.config settings,Low,Confirmed,2,eShopLegacyWebFormsSolution/src/eShopLegacyWebForms/Web.config:27 ; eShopLegacyWebFormsSolution/src/eShopLegacyWebForms/Web.config:28,"Debug builds, detailed errors and disabled request validation weaken the production posture.",Disable in production configuration; review input encoding where validation is off.,,,,
F-184,eshopmodernizing:SEC-CONFIG-HARDENING:eshopmodernizedmvcsolution-src-eshopmodernizedmvc-eshopmodernizedmvc-csproj,eshopmodernizing,eShopModernizedMVC,eShopModernizedMVCSolution/src/eShopModernizedMVC/eShopModernizedMVC.csproj,security,SEC-CONFIG-HARDENING,Insecure web.config settings,Low,Confirmed,2,eShopModernizedMVCSolution/src/eShopModernizedMVC/Web.config:56 ; eShopModernizedMVCSolution/src/eShopModernizedMVC/Web.config:57,"Debug builds, detailed errors and disabled request validation weaken the production posture.",Disable in production configuration; review input encoding where validation is off.,,,,
F-185,eshopmodernizing:SEC-CONFIG-HARDENING:eshopmodernizedntier-src-eshopwcfservice-eshopwcfservice-csproj,eshopmodernizing,eShopWCFService,eShopModernizedNTier/src/eShopWCFService/eShopWCFService.csproj,security,SEC-CONFIG-HARDENING,Insecure web.config settings,Low,Confirmed,1,eShopModernizedNTier/src/eShopWCFService/Web.config:19,"Debug builds, detailed errors and disabled request validation weaken the production posture.",Disable in production configuration; review input encoding where validation is off.,,,,
F-186,eshopmodernizing:SEC-CONFIG-HARDENING:eshopmodernizedwebformssolution-src-eshopmodernizedwebforms-eshopmodernizedwebforms-csproj,eshopmodernizing,eShopModernizedWebForms,eShopModernizedWebFormsSolution/src/eShopModernizedWebForms/eShopModernizedWebForms.csproj,security,SEC-CONFIG-HARDENING,Insecure web.config settings,Low,Confirmed,3,eShopModernizedWebFormsSolution/src/eShopModernizedWebForms/Web.config:50 ; eShopModernizedWebFormsSolution/src/eShopModernizedWebForms/Web.config:51 ; eShopModernizedWebFormsSolution/src/eShopModernizedWebForms/Web.config:52,"Debug builds, detailed errors and disabled request validation weaken the production posture.",Disable in production configuration; review input encoding where validation is off.,,,,
F-187,eshopmodernizing:TZ-LOCAL-TIME:eshoplegacymvcsolution-src-eshoplegacymvc-eshoplegacymvc-csproj,eshopmodernizing,eShopLegacyMVC,eShopLegacyMVCSolution/src/eShopLegacyMVC/eShopLegacyMVC.csproj,time-culture,TZ-LOCAL-TIME,Server-local time (DateTime.Now / Today),Low,Confirmed,1,eShopLegacyMVCSolution/src/eShopLegacyMVC/Global.asax.cs:44,"AWS hosts and containers run in UTC; logic that relied on the on-prem server's local time zone shifts (cut-offs, reports, schedules).","Decide the business time zone explicitly; use DateTime.UtcNow / TimeProvider and convert at the edges, or set TZ deliberately.",TimeProvider + explicit business time zone,"Which time zone are the current servers set to, and which business rules depend on it?",adjusted,Session start time for display only (Global.asax.cs:44); no business rule depends on it.
F-188,eshopmodernizing:TZ-LOCAL-TIME:eshoplegacywebformssolution-src-eshoplegacywebforms-eshoplegacywebforms-csproj,eshopmodernizing,eShopLegacyWebForms,eShopLegacyWebFormsSolution/src/eShopLegacyWebForms/eShopLegacyWebForms.csproj,time-culture,TZ-LOCAL-TIME,Server-local time (DateTime.Now / Today),Low,Confirmed,1,eShopLegacyWebFormsSolution/src/eShopLegacyWebForms/Global.asax.cs:44,"AWS hosts and containers run in UTC; logic that relied on the on-prem server's local time zone shifts (cut-offs, reports, schedules).","Decide the business time zone explicitly; use DateTime.UtcNow / TimeProvider and convert at the edges, or set TZ deliberately.",TimeProvider + explicit business time zone,"Which time zone are the current servers set to, and which business rules depend on it?",adjusted,Session start time for display only (Global.asax.cs:44).
F-189,eshopmodernizing:TZ-LOCAL-TIME:eshopmodernizedmvcsolution-src-eshopmodernizedmvc-eshopmodernizedmvc-csproj,eshopmodernizing,eShopModernizedMVC,eShopModernizedMVCSolution/src/eShopModernizedMVC/eShopModernizedMVC.csproj,time-culture,TZ-LOCAL-TIME,Server-local time (DateTime.Now / Today),Low,Confirmed,1,eShopModernizedMVCSolution/src/eShopModernizedMVC/Global.asax.cs:43,"AWS hosts and containers run in UTC; logic that relied on the on-prem server's local time zone shifts (cut-offs, reports, schedules).","Decide the business time zone explicitly; use DateTime.UtcNow / TimeProvider and convert at the edges, or set TZ deliberately.",TimeProvider + explicit business time zone,"Which time zone are the current servers set to, and which business rules depend on it?",adjusted,Session start time for display only (Global.asax.cs:43).
F-190,eshopmodernizing:TZ-LOCAL-TIME:eshopmodernizedwebformssolution-src-eshopmodernizedwebforms-eshopmodernizedwebforms-csproj,eshopmodernizing,eShopModernizedWebForms,eShopModernizedWebFormsSolution/src/eShopModernizedWebForms/eShopModernizedWebForms.csproj,time-culture,TZ-LOCAL-TIME,Server-local time (DateTime.Now / Today),Low,Confirmed,1,eShopModernizedWebFormsSolution/src/eShopModernizedWebForms/Global.asax.cs:48,"AWS hosts and containers run in UTC; logic that relied on the on-prem server's local time zone shifts (cut-offs, reports, schedules).","Decide the business time zone explicitly; use DateTime.UtcNow / TimeProvider and convert at the edges, or set TZ deliberately.",TimeProvider + explicit business time zone,"Which time zone are the current servers set to, and which business rules depend on it?",adjusted,Session start time for display only (Global.asax.cs:48).
F-191,eshopmodernizing:API-REMOTING:eshoplegacymvcsolution-src-eshoplegacymvc-eshoplegacymvc-csproj,eshopmodernizing,eShopLegacyMVC,eShopLegacyMVCSolution/src/eShopLegacyMVC/eShopLegacyMVC.csproj,api-portability,API-REMOTING,.NET Remoting,Low,Likely,1,eShopLegacyMVCSolution/src/eShopLegacyMVC/Controllers/WebApi/BrandsController.cs:7,.NET Remoting is not supported on .NET 6+.,Replace with HTTP/gRPC APIs or StreamJsonRpc for IPC.,gRPC / REST / StreamJsonRpc,,,
F-192,eshopmodernizing:LOG-NO-HEALTHCHECK:eshoplegacymvcsolution-eshopported-eshopported-csproj,eshopmodernizing,eShopPorted,eShopLegacyMVCSolution/eShopPorted/eShopPorted.csproj,logging,LOG-NO-HEALTHCHECK,No health-check endpoint,Low,Likely,1,eShopLegacyMVCSolution/eShopPorted/eShopPorted.csproj:1,Load balancers and ECS/EKS need a health endpoint to route traffic and replace unhealthy tasks.,Add ASP.NET Core health checks (/health) covering database and key dependencies.,Microsoft.Extensions.Diagnostics.HealthChecks,,,
F-193,eshopmodernizing:CULT-HARDCODED:eshoplegacymvcsolution-src-eshoplegacymvc-eshoplegacymvc-csproj,eshopmodernizing,eShopLegacyMVC,eShopLegacyMVCSolution/src/eShopLegacyMVC/eShopLegacyMVC.csproj,time-culture,CULT-HARDCODED,Culture handling,Low,Likely,1,eShopLegacyMVCSolution/src/eShopLegacyMVC/Web.config:38,"Culture data comes from ICU on Linux (formats, sorting and comparisons can differ from Windows NLS); web.config globalization settings are not applied in ASP.NET Core.",Set RequestLocalization explicitly; test formatting/sorting; keep ICU in images.,RequestLocalizationOptions,,,
F-194,eshopmodernizing:CULT-HARDCODED:eshoplegacywebformssolution-src-eshoplegacywebforms-eshoplegacywebforms-csproj,eshopmodernizing,eShopLegacyWebForms,eShopLegacyWebFormsSolution/src/eShopLegacyWebForms/eShopLegacyWebForms.csproj,time-culture,CULT-HARDCODED,Culture handling,Low,Likely,1,eShopLegacyWebFormsSolution/src/eShopLegacyWebForms/Web.config:44,"Culture data comes from ICU on Linux (formats, sorting and comparisons can differ from Windows NLS); web.config globalization settings are not applied in ASP.NET Core.",Set RequestLocalization explicitly; test formatting/sorting; keep ICU in images.,RequestLocalizationOptions,,,
F-195,eshopmodernizing:CULT-HARDCODED:eshopmodernizedmvcsolution-src-eshopmodernizedmvc-eshopmodernizedmvc-csproj,eshopmodernizing,eShopModernizedMVC,eShopModernizedMVCSolution/src/eShopModernizedMVC/eShopModernizedMVC.csproj,time-culture,CULT-HARDCODED,Culture handling,Low,Likely,1,eShopModernizedMVCSolution/src/eShopModernizedMVC/Web.config:63,"Culture data comes from ICU on Linux (formats, sorting and comparisons can differ from Windows NLS); web.config globalization settings are not applied in ASP.NET Core.",Set RequestLocalization explicitly; test formatting/sorting; keep ICU in images.,RequestLocalizationOptions,,,
F-196,eshopmodernizing:CULT-HARDCODED:eshopmodernizedwebformssolution-src-eshopmodernizedwebforms-eshopmodernizedwebforms-csproj,eshopmodernizing,eShopModernizedWebForms,eShopModernizedWebFormsSolution/src/eShopModernizedWebForms/eShopModernizedWebForms.csproj,time-culture,CULT-HARDCODED,Culture handling,Low,Likely,1,eShopModernizedWebFormsSolution/src/eShopModernizedWebForms/Web.config:68,"Culture data comes from ICU on Linux (formats, sorting and comparisons can differ from Windows NLS); web.config globalization settings are not applied in ASP.NET Core.",Set RequestLocalization explicitly; test formatting/sorting; keep ICU in images.,RequestLocalizationOptions,,,
F-197,eshopmodernizing:STATE-STATIC-MUTABLE:eshoplegacyntier-src-eshopwinforms-eshopwinforms-csproj,eshopmodernizing,eShopWinForms,eShopLegacyNTier/src/eShopWinForms/eShopWinForms.csproj,state-scale,STATE-STATIC-MUTABLE,Static mutable collections (per-process state),Low,Needs verification,1,eShopLegacyNTier/src/eShopWinForms/Helpers/Singleton.cs:8,Static collections act as per-instance caches/state; behaviour changes when scaled out.,"Review each: keep if rebuildable per instance, otherwise move to a shared store.",ElastiCache / database,,,
F-198,eshopmodernizing:NET-ENDPOINT-EXTERNAL:database-windows-net:repository,eshopmodernizing,eShopModernizedMVC; eShopModernizedWebForms,(repository),dependencies,NET-ENDPOINT-EXTERNAL:database-windows-net,External service: database.windows.net,Info,Confirmed,2,eShopModernizedMVCSolution/src/eShopModernizedMVC/App_Start/SqlAccessTokenProvider.cs:31 ; eShopModernizedWebFormsSolution/src/eShopModernizedWebForms/App_Start/SqlAccessTokenProvider.cs:31,"Third-party/external endpoint the application depends on; check IP allow-listing, credentials and TLS requirements before cut-over.",Record in the dependency map; confirm allow-listing and credentials for the AWS environment.,,,,
F-199,eshopmodernizing:NET-ENDPOINT-EXTERNAL:login-microsoftonline-com:repository,eshopmodernizing,eShopModernizedMVC; eShopModernizedWebForms,(repository),dependencies,NET-ENDPOINT-EXTERNAL:login-microsoftonline-com,External service: login.microsoftonline.com,Info,Confirmed,2,eShopModernizedMVCSolution/src/eShopModernizedMVC/Web.config:44 ; eShopModernizedWebFormsSolution/src/eShopModernizedWebForms/Web.config:32,"Third-party/external endpoint the application depends on; check IP allow-listing, credentials and TLS requirements before cut-over.",Record in the dependency map; confirm allow-listing and credentials for the AWS environment.,,,,
F-200,eshopmodernizing:NET-ENDPOINT-EXTERNAL:stackpath-bootstrapcdn-com:repository,eshopmodernizing,eShopPorted,(repository),dependencies,NET-ENDPOINT-EXTERNAL:stackpath-bootstrapcdn-com,External service: stackpath.bootstrapcdn.com,Info,Confirmed,2,eShopLegacyMVCSolution/eShopPorted/Views/Shared/_Layout.cshtml:7 ; eShopLegacyMVCSolution/eShopPorted/Views/Shared/_Layout.cshtml:46,"Third-party/external endpoint the application depends on; check IP allow-listing, credentials and TLS requirements before cut-over.",Record in the dependency map; confirm allow-listing and credentials for the AWS environment.,,,,
F-201,eshopmodernizing:IIS-PUBLISH:eshopmodernizedmvcsolution-src-eshopmodernizedmvc-eshopmodernizedmvc-csproj,eshopmodernizing,eShopModernizedMVC,eShopModernizedMVCSolution/src/eShopModernizedMVC/eShopModernizedMVC.csproj,hosting,IIS-PUBLISH,IIS / MSDeploy publishing,Info,Confirmed,1,eShopModernizedMVCSolution/src/eShopModernizedMVC/Properties/PublishProfiles/FolderProfile.pubxml:8,Deployment targets IIS today.,Replace with container images (ECR) or Linux packages deployed by CodePipeline/GitHub Actions.,ECR + ECS/EKS; CodeDeploy,,,
F-202,eshopmodernizing:IIS-PUBLISH:eshopmodernizedntier-src-eshopwcfservice-eshopwcfservice-csproj,eshopmodernizing,eShopWCFService,eShopModernizedNTier/src/eShopWCFService/eShopWCFService.csproj,hosting,IIS-PUBLISH,IIS / MSDeploy publishing,Info,Confirmed,1,eShopModernizedNTier/src/eShopWCFService/Properties/PublishProfiles/FolderProfile.pubxml:8,Deployment targets IIS today.,Replace with container images (ECR) or Linux packages deployed by CodePipeline/GitHub Actions.,ECR + ECS/EKS; CodeDeploy,,,
F-203,eshopmodernizing:IIS-PUBLISH:eshopmodernizedwebformssolution-src-eshopmodernizedwebforms-eshopmodernizedwebforms-csproj,eshopmodernizing,eShopModernizedWebForms,eShopModernizedWebFormsSolution/src/eShopModernizedWebForms/eShopModernizedWebForms.csproj,hosting,IIS-PUBLISH,IIS / MSDeploy publishing,Info,Confirmed,1,eShopModernizedWebFormsSolution/src/eShopModernizedWebForms/Properties/PublishProfiles/FolderProfile.pubxml:8,Deployment targets IIS today.,Replace with container images (ECR) or Linux packages deployed by CodePipeline/GitHub Actions.,ECR + ECS/EKS; CodeDeploy,,,
F-204,eshopmodernizing:DEV-ACTIVITY:repository,eshopmodernizing,,(repository),parallel-dev,DEV-ACTIVITY,"Repository activity: quiet (0 commits/week, 0 authors in 180 days)",Info,Confirmed,1,.git:1,Parallel feature work on the client branch while porting causes merge conflicts and drift; hot files conflict most.,"Agree a merge strategy: short-lived port branches, frequent rebases, freeze windows for hot files, or a strangler-fig split that isolates ported code.",,,,
